telecomts_fault,node_id,entity_id,entity_type,description,source_id,file_path,created_at,source_file,release,raw_entity_id,matched_terms,candidate_score,priority_matches
Antenna Failure,Directional beams,Directional beams,Concept,"Directional beams are formed using multiple antenna elements and are used in both common channels for initial access and in RRC_CONNECTED state. Each directional beam is associated with a synchronization signal block (SSB) and is designed to cover specific directions within a cell's coverage area, as illustrated in Figure 5.1.1.1-1.",chunk-d15ae6e3068dd5c2b7c9b9440e7ccb5c,../3GPP-trunked/Rel-19/28_series/28866-j00.md5.1.1.1,1770233297,Rel-19/28_series/28866-j00/graph_chunk_entity_relation.graphml,Rel-19,Directional beams,antenna,2,antenna
Antenna Failure,Carrier power,Carrier power,Concept,"Carrier power is the power at the antenna connector in the channel bandwidth of the carrier, averaged over at least one subframe for NR or E-UTRA, at least one slot for UTRA, and the useful part of the burst for GSM/EDGE.",chunk-8ec859a261ddbc6f9ec29fde8465ee41,../3GPP-trunked/Rel-19/37_series/37104-j00.md3.1,1770199231,Rel-19/37_series/37104-j00/graph_chunk_entity_relation.graphml,Rel-19,Carrier power,antenna,2,antenna
Antenna Failure,AAS BS,AAS BS,Concept,"AAS BS refers to an Advanced Antenna System Base Station, which is a type of base station that supports advanced antenna technologies. It is categorized into two types: hybrid AAS BS and OTA AAS BS, based on their interface types.",chunk-90d799b63ecfbb7e46a6fcc5dd7682de,../3GPP-trunked/Rel-19/37_series/37145-2-j00.md1,1770199322,Rel-19/37_series/37104-j00/graph_chunk_entity_relation.graphml,Rel-19,AAS BS,antenna,2,antenna
Antenna Failure,AAS BS receiver,AAS BS receiver,Technology,AAS BS receiver is a composite receiver function of an Active Antenna System Base Station that receives signals within an operating band.,chunk-161a0abb20e459f2b39ce5aa7439b058,../3GPP-trunked/Rel-19/37_series/37145-2-j00.md3.1,1770199324,Rel-19/37_series/37104-j00/graph_chunk_entity_relation.graphml,Rel-19,AAS BS receiver,antenna,2,antenna
Antenna Failure,active antenna system base station,active antenna system base station,Technology,"Active antenna system base station is a base station system that integrates an Antenna Array, an Active transceiver unit array, and a Radio Distribution Network.",chunk-161a0abb20e459f2b39ce5aa7439b058,../3GPP-trunked/Rel-19/37_series/37145-2-j00.md3.1,1770199324,Rel-19/37_series/37104-j00/graph_chunk_entity_relation.graphml,Rel-19,active antenna system base station,antenna,2,antenna
Antenna Failure,radio distribution network,radio distribution network,Concept,"A radio distribution network is a linear passive network that distributes RF power generated by the transceiver unit array to the antenna array, and/or distributes radio signals collected by the antenna array to the transceiver unit array.",chunk-db42c7ef13523b2a5c600dac1590e03a,../3GPP-trunked/Rel-19/37_series/37105-j00.md3.1,1770199507,Rel-19/37_series/37105-j00/graph_chunk_entity_relation.graphml,Rel-19,radio distribution network,antenna,2,antenna
Antenna Failure,transceiver array boundary,transceiver array boundary,Concept,Transceiver array boundary is the conducted interface between the transceiver unit array and the composite antenna.,chunk-a6ffb25d4f7548c2b7c841751a791c5a,../3GPP-trunked/Rel-19/37_series/37145-1-j00.md3.1,1770198997,Rel-19/37_series/37145-1-j00/graph_chunk_entity_relation.graphml,Rel-19,transceiver array boundary,antenna,2,antenna
Antenna Failure,conducted test methods,conducted test methods,Concept,"Conducted test methods are specified in the present document for single RAT E-UTRA operation, single RAT UTRA operation (FDD and TDD), and Multi-Standard Radio (MSR) UTRA, E-UTRA, and NR Active Antenna System (AAS) Base Station (BS). These methods are derived from and consistent with non-AAS BS specifications in TS 25.104 [2], TS 25.105 [3], TS 36.104 [4], TS 38.104 [36], or TS 37.104 [5].",chunk-f4c80e2384bb02b606e694ec4411c18a,../3GPP-trunked/Rel-19/37_series/37145-1-j00.md1,1770199003,Rel-19/37_series/37890-j10/graph_chunk_entity_relation.graphml,Rel-19,conducted test methods,antenna,2,antenna
Antenna Failure,conformance requirements,conformance requirements,Concept,"Conformance requirements are specified in the present document for single RAT E-UTRA operation, single RAT UTRA operation (FDD and TDD), and Multi-Standard Radio (MSR) UTRA, E-UTRA, and NR Active Antenna System (AAS) Base Station (BS). These requirements are derived from and consistent with non-AAS BS specifications in TS 25.104 [2], TS 25",chunk-f4c80e2384bb02b606e694ec4411c18a,../3GPP-trunked/Rel-19/37_series/37145-1-j00.md1,1770199003,Rel-19/37_series/37890-j10/graph_chunk_entity_relation.graphml,Rel-19,conformance requirements,antenna,2,antenna
Antenna Failure,Active Antenna System (AAS) Base Station (BS),Active Antenna System (AAS) Base Station (BS),Technology,Active,chunk-f4c80e2384bb02b606e694ec4411c18a,../3GPP-trunked/Rel-19/37_series/37145-1-j00.md1,1770199003,Rel-19/37_series/37890-j10/graph_chunk_entity_relation.graphml,Rel-19,Active Antenna System (AAS) Base Station (BS),antenna,2,antenna
Antenna Failure,receiver RF requirements,receiver RF requirements,UNKNOWN,"For ATG UE with multiple omni-directional antennas not indicating the capability antennaArrayType-r18, the receiver RF requirements are defined on top of each antenna connector<SEP>For ATG UE with antenna array indicating the capability antennaArrayType-r18, the receiver RF requirements are defined on top of each TAB connector",chunk-6f1a1c17b7f122ee79898d1320c94163,../3GPP-trunked/Rel-19/38_series/38101-1-j10_s07-XX.md7.1,1770216694,Rel-19/38_series/38101-1-j10_s07-XX/graph_chunk_entity_relation.graphml,Rel-19,receiver RF requirements,antenna,2,antenna
Antenna Failure,ATG UE,ATG UE,UNKNOWN,"For ATG UE with multiple omni-directional antennas not indicating the capability antennaArrayType-r18, the receiver RF requirements are defined on top of each antenna connector",chunk-6f1a1c17b7f122ee79898d1320c94163,../3GPP-trunked/Rel-19/38_series/38101-1-j10_s07-XX.md7.1,1770216694,Rel-19/38_series/38101-1-j10_s07-XX/graph_chunk_entity_relation.graphml,Rel-19,ATG UE,antenna,2,antenna
Antenna Failure,CFO correction,CFO correction,Concept,"CFO correction is a process performed on a slot-by-slot basis to adjust for carrier frequency offset, using a common frequency correction applied to both antenna outputs.",chunk-263a496daaae4e282d13c61a7f83f4ab,../3GPP-trunked/Rel-19/38_series/38101-1-j10_sAnnexes.md3,1770220152,Rel-19/38_series/38101-1-j10_sAnnexes/graph_chunk_entity_relation.graphml,Rel-19,CFO correction,antenna,2,antenna
Antenna Failure,antenna outputs,antenna outputs,Terminology,,chunk-263a496daaae4e282d13c61a7f83f4ab,../3GPP-trunked/Rel-19/38_series/38101-1-j10_sAnnexes.md3,1770220152,Rel-19/38_series/38101-1-j10_sAnnexes/graph_chunk_entity_relation.graphml,Rel-19,antenna outputs,antenna,2,antenna
Antenna Failure,co-location reference antenna,co-location reference antenna,Concept,co-location reference antenna is a passive antenna used as a reference for co-location requirements.,chunk-7255b5c187e8c20672a47fe6dfe82466,../3GPP-trunked/Rel-19/38_series/38176-1-j00.mdNone,1770228057,Rel-19/38_series/38101-3-j10_cover/graph_chunk_entity_relation.graphml,Rel-19,co-location reference antenna,antenna,2,antenna
Antenna Failure,minimum mechanical down tilt,minimum mechanical down tilt,Concept,Minimum mechanical down tilt is the smallest angle at which the antenna,chunk-70947939508fa52275c478817bc5ed32,../3GPP-trunked/Rel-19/38_series/38141-2-j00.md4.6,1770228079,Rel-19/38_series/38101-3-j10_cover/graph_chunk_entity_relation.graphml,Rel-19,minimum mechanical down tilt,antenna,2,antenna
Antenna Failure,maximum electrical steering range,maximum electrical steering range,Concept,Maximum electrical steering range is the largest angular range over which the beam direction of a Base Station antenna can be electronically adjusted without mechanical movement.,chunk-70947939508fa52275c478817bc5ed32,../3GPP-trunked/Rel-19/38_series/38141-2-j00.md4.6,1770228079,Rel-19/38_series/38101-3-j10_cover/graph_chunk_entity_relation.graphml,Rel-19,maximum electrical steering range,antenna,2,antenna
Antenna Failure,increased mechanical down tilt,increased mechanical down tilt,Concept,"Increased mechanical down tilt is the adjusted mechanical tilt angle of a Base Station antenna that is declared when the maximum electrical steering range is used, to compensate for the lack of simultaneous support with minimum mechanical down tilt.",chunk-70947939508fa52275c478817bc5ed32,../3GPP-trunked/Rel-19/38_series/38141-2-j00.md4.6,1770228079,Rel-19/38_series/38101-3-j10_cover/graph_chunk_entity_relation.graphml,Rel-19,increased mechanical down tilt,antenna,2,antenna
Antenna Failure,mechanical tilt for EEIRP,mechanical tilt for EEIRP,Concept,"Mechanical tilt for EEIRP (Effective Isotropic Radiated Power) refers to the physical adjustment of an antenna's angle to control signal coverage, declared together with D",chunk-e19fe0c49e812b45cf4c341ad8b001de,../3GPP-trunked/Rel-19/38_series/38141-2-j00.md4.6,1770228103,Rel-19/38_series/38101-3-j10_cover/graph_chunk_entity_relation.graphml,Rel-19,mechanical tilt for EEIRP,antenna,2,antenna
Antenna Failure,Conducted Requirements,Conducted Requirements,Concept,"Conducted Requirements are defined at individual or groups of TAB connectors at the transceiver array boundary, representing the conducted interface between the transceiver unit array and the composite antenna.",chunk-5ef4fabfa4bd228d78e7b96b457b010a,../3GPP-trunked/Rel-19/38_series/38176-1-j00.md4.2.1,1770228108,Rel-19/38_series/38101-3-j10_cover/graph_chunk_entity_relation.graphml,Rel-19,Conducted Requirements,antenna,2,antenna
Buffer Overflow,Trace Records,Trace Records,Concept,Trace Records are used to carry captured trace data being reported or to convey administrative messages associated with data collection. They are part of the trace data reporting process and may be encoded using XML (binary form) or GPB (Google Protocol Buffers).<SEP>Trace Records are individual data units carried in the payload of transport protocol messages under the Streaming Trace Format. Each record is associated with a length delimiter and is transmitted from the MnS Producer to the MnS Consumer. The format of these records is specified in clause 5.2.,chunk-354870eba2e9af8d6ab6be73865433fb<SEP>chunk-445e5c489cf11c9fdff67bf6ec1ecb99,../3GPP-trunked/Rel-19/32_series/32423-j20.md5.1<SEP>../3GPP-trunked/Rel-19/32_series/32423-j20.md5.2.6,1770200591,Rel-19/22_series/22137-j10/graph_chunk_entity_relation.graphml,Rel-19,Trace Records,buffer,2,buffer
Buffer Overflow,GPB version 3 (proto3),GPB version 3 (proto3),Technology,"GPB version 3 (proto3) is a protocol buffer format used to encode trace records, providing a structured and efficient method for data serialization.",chunk-f6b2d02434cb9a44664786d61ba6f787,../3GPP-trunked/Rel-19/32_series/32423-j20.md5.2.1,1770200439,Rel-19/22_series/22153-j20/graph_chunk_entity_relation.graphml,Rel-19,GPB version 3 (proto3),buffer,2,buffer
Buffer Overflow,RLC buffer Payload,RLC buffer Payload,Concept,"RLC buffer Payload is a metric reported in RRC/MEASUREMENT REPORT when the measurement is set to traffic volume, indicating the payload size in the RLC buffer.",chunk-372cc4cac8d4ab605925ece8f9ee4109,../3GPP-trunked/Rel-19/32_series/32423-j20.md4.6,1770199962,Rel-19/22_series/22865-j20/graph_chunk_entity_relation.graphml,Rel-19,RLC buffer Payload,buffer,2,buffer
Buffer Overflow,Average RLC buffer payload,Average RLC buffer payload,Concept,"Average RLC buffer payload is a statistical measure of the RLC buffer payload reported in RRC/MEASUREMENT REPORT for traffic volume, used to assess average data transmission load.",chunk-372cc4cac8d4ab605925ece8f9ee4109,../3GPP-trunked/Rel-19/32_series/32423-j20.md4.6,1770199962,Rel-19/22_series/22865-j20/graph_chunk_entity_relation.graphml,Rel-19,Average RLC buffer payload,buffer,2,buffer
Buffer Overflow,Variance of RLC buffer payload,Variance of RLC buffer payload,Concept,"Variance of RLC buffer payload is a measure of dispersion in the RLC buffer payload values reported in RRC/MEASUREMENT REPORT for traffic volume, indicating variability in data transmission.",chunk-372cc4cac8d4ab605925ece8f9ee4109,../3GPP-trunked/Rel-19/32_series/32423-j20.md4.6,1770199963,Rel-19/22_series/22865-j20/graph_chunk_entity_relation.graphml,Rel-19,Variance of RLC buffer payload,buffer,2,buffer
Buffer Overflow,NAS COUNT,NAS COUNT,Technology,"NAS COUNT is a sequence counter used in non-3GPP access to ensure message integrity and order, and it includes both downlink and uplink components.<SEP>NAS COUNT is a 24-bit counter used in 5G NAS security context to track sequence numbers for NAS message integrity and ciphering. It consists of an 8-bit NAS sequence number (least significant bits) and a 16-bit NAS overflow counter (most significant bits). It is independently maintained by UE and AMF and used in NAS ciphering and integrity algorithms. When used in algorithms, it is treated as a 32-bit entity with 8 zeros padded to the most<SEP>NAS COUNT is a counter used as input to the NAS ciphering and deciphering algorithms. It is locally stored by the sender and derived by the receiver using the NAS sequence number from the received message and an estimate of the NAS overflow counter as defined in subclause 4.4.3.1.",chunk-363d9a981c15d9ac6bebbe04db2cfbb8<SEP>chunk-ec223676ecf152c40ae34db586e1d91b<SEP>chunk-7e397641e752f61c7495ea9622b8103c,../3GPP-trunked/Rel-19/24_series/24501-j20.md4.4.2.3<SEP>../3GPP-trunked/Rel-19/24_series/24501-j20.md4.4.3.1<SEP>../3GPP-trunked/Rel-19/24_series/24501-j20.md4.4.3.4,1770205869,Rel-19/24_series/24501-j20/graph_chunk_entity_relation.graphml,Rel-19,NAS COUNT,overflow,2,overflow
Buffer Overflow,NAS sequence number,NAS sequence number,Concept,"NAS sequence number is the 8 least significant bits of the NAS COUNT, used to track the sequence of NAS messages exchanged between UE and AMF. It is incremented by one after each new or retransmitted outbound SECURITY PROTECTED 5GS NAS MESSAGE, except for initial NAS messages when RRC connection establishment fails. On wrap-around (when value becomes zero), the NAS overflow counter is incremented.",chunk-ec223676ecf152c40ae34db586e1d91b,../3GPP-trunked/Rel-19/24_series/24501-j20.md4.4.3.1,1770205806,Rel-19/24_series/24501-j20/graph_chunk_entity_relation.graphml,Rel-19,NAS sequence number,overflow,2,overflow
Buffer Overflow,NAS overflow counter,NAS overflow counter,Concept,"NAS overflow counter is the 16 most significant bits of the NAS COUNT, used to handle wrap-around of the 8-bit NAS sequence number. It is incremented by one when the NAS sequence number wraps from 255 to 0 during message transmission.",chunk-ec223676ecf152c40ae34db586e1d91b,../3GPP-trunked/Rel-19/24_series/24501-j20.md4.4.3.1,1770205869,Rel-19/24_series/24501-j20/graph_chunk_entity_relation.graphml,Rel-19,NAS overflow counter,overflow,2,overflow
Buffer Overflow,Integrity protection and verification,Integrity protection and verification,Concept,"Integrity protection and verification is a security procedure defined in subclause 4.4.3.3 that ensures the authenticity and integrity of NAS messages. The sender uses the locally stored NAS COUNT as input to the integrity protection algorithm, while the receiver uses the NAS sequence number from the received message and an estimated NAS overflow counter to form the NAS COUNT input for verification. The algorithm is specified in 3GPP TS 33.501 [24].",chunk-728e27595f36b4b4291b79a1843b7f25,../3GPP-trunked/Rel-19/24_series/24501-j20.md4.4.3.3,1770205806,Rel-19/24_series/24501-j20/graph_chunk_entity_relation.graphml,Rel-19,Integrity protection and verification,overflow,2,overflow
Buffer Overflow,Ciphering and deciphering,Ciphering and deciphering,Concept,"Ciphering and deciphering is a procedure defined in subclause 4.4.3.4 that involves the use of NAS COUNT for encryption and decryption of NAS messages. The sender uses its locally stored NAS COUNT for ciphering, while the receiver uses the NAS sequence number from the received message and an estimated NAS overflow counter to form the NAS COUNT for deciphering.",chunk-363d9a981c15d9ac6bebbe04db2cfbb8,../3GPP-trunked/Rel-19/24_series/24501-j20.md4.4.3.4,1770205869,Rel-19/24_series/24501-j20/graph_chunk_entity_relation.graphml,Rel-19,Ciphering and deciphering,overflow,2,overflow
Buffer Overflow,Energy States,Energy States,Concept,"Energy States refer to the operational conditions of the network related to energy consumption, which influence the control parameters of a PDU session such as inactivity timers and buffering size.",chunk-7b3f593e5e0f8c69888d8b4613800923,../3GPP-trunked/Rel-19/23_series/23700-66-j00.md6.36.3,1770202491,Rel-19/26_series/26506-j00/graph_chunk_entity_relation.graphml,Rel-19,Energy States,buffer,2,buffer
Buffer Overflow,media resource,media resource,Concept,"A media resource is an element within a media context that represents a specific media stream or processing unit, such as a codec or media buffer. It can be updated during the Update operation.",chunk-5433000cea88ec3a8d48d59417f98e20,../3GPP-trunked/Rel-19/29_series/29176-j10.md5.2.2.1,1770187680,Rel-19/29_series/29176-j10/graph_chunk_entity_relation.graphml,Rel-19,media resource,buffer,2,buffer
Buffer Overflow,buffer,buffer,Technology,A buffer is a temporary storage mechanism used to store information when the necessary telecommunication connection to transport information to the LEMF is temporarily unavailable.,chunk-ac3b92ca129dbde9ff48fc916912da1c,../3GPP-trunked/Rel-19/33_series/33108-j00.md3.1,1770211782,Rel-19/33_series/33514-j00/graph_chunk_entity_relation.graphml,Rel-19,buffer,buffer,2,buffer
Buffer Overflow,Tolerance,Tolerance,Terminology,Tolerance is a 5-minute time buffer added to the high priority PLMN search timer T to allow sufficient time for the UE to find the proper PLMN.,chunk-056353ac7dd1949bf79b226987fb8670,../3GPP-trunked/Rel-19/38_series/38523-1-j00_s00-s06.md6.1.1.1.3.2,1770226426,Rel-19/38_series/38523-1-j00_s00-s06/graph_chunk_entity_relation.graphml,Rel-19,Tolerance,buffer,2,buffer
Buffer Overflow,periodicBSR-Timer,periodicBSR-Timer,Technology,periodicBSR-Timer is a timer parameter within the MAC-CellGroupConfig that controls the periodic transmission of Buffer Status Reports (BSR) and is set to infinity by default for all Layer 2 test cases unless overridden.,chunk-95838ae771995d3e08449274d1d05fc5,../3GPP-trunked/Rel-19/38_series/38523-1-j00_s0701-s070112.md7.1.0,1770224207,Rel-19/38_series/38523-1-j00_s0701-s070112/graph_chunk_entity_relation.graphml,Rel-19,periodicBSR-Timer,buffer,2,buffer
Buffer Overflow,retxBSR-Timer,retxBSR-Timer,Technology,retxBSR-Timer is a timer parameter within the MAC-CellGroupConfig that governs the retransmission of Buffer Status Reports (BSR) and is set to sf10240 by default for all Layer 2 test cases unless overridden.,chunk-95838ae771995d3e08449274d1d05fc5,../3GPP-trunked/Rel-19/38_series/38523-1-j00_s0701-s070112.md7.1.0,1770224207,Rel-19/38_series/38523-1-j00_s0701-s070112/graph_chunk_entity_relation.graphml,Rel-19,retxBSR-Timer,buffer,2,buffer
Buffer Overflow,MAC-CellGroupConfig,MAC-CellGroupConfig,Concept,"MAC-CellGroupConfig is a configuration structure defined in TS 38.308, clause Table 4.6.3-49, that contains parameters for buffer status reporting and power headroom reporting, including bsr-Config and phr-Config, and is used in Layer 2 test cases.",chunk-95838ae771995d3e08449274d1d05fc5,../3GPP-trunked/Rel-19/38_series/38523-1-j00_s0701-s070112.md7.1.0,1770224207,Rel-19/38_series/38523-1-j00_s0701-s070112/graph_chunk_entity_relation.graphml,Rel-19,MAC-CellGroupConfig,buffer,2,buffer
Buffer Overflow,Msg3 buffer,Msg3 buffer,Terminology,,chunk-0471f248ab0c571e445c3264d1e47e6e,../3GPP-trunked/Rel-19/38_series/38523-1-j00_s0701-s070112.md7.1.1.1.1.2,1770224207,Rel-19/38_series/38523-1-j00_s0701-s070112/graph_chunk_entity_relation.graphml,Rel-19,Msg3 buffer,buffer,2,buffer
Buffer Overflow,MAC control element,MAC control element,Concept,"MAC control element is a type of control message used in the MAC layer for signaling purposes.<SEP>MAC control element is a type of control information used in the MAC layer for signaling purposes, such as Buffer Status Report.",chunk-b9b74a26dc8cb8b3e54cadc0f41888d9<SEP>chunk-1e0d719a85e8619d7f7717d7d1fdcba0,../3GPP-trunked/Rel-19/38_series/38523-1-j00_s070115-s07014.md7.1.1.5.2<SEP>../3GPP-trunked/Rel-19/38_series/38523-1-j00_s070115-s07014.md7.1.1.5.1.3.2,1770224870,Rel-19/38_series/38523-1-j00_s070115-s07014/graph_chunk_entity_relation.graphml,Rel-19,MAC control element,buffer,2,buffer
Buffer Overflow,soft buffer,soft buffer,Terminology,,chunk-bb207bc90e965a5081d201e445ec7145,../3GPP-trunked/Rel-19/38_series/38523-1-j00_s070115-s07014.mdNone,1770224838,Rel-19/38_series/38523-1-j00_s070115-s07014/graph_chunk_entity_relation.graphml,Rel-19,soft buffer,buffer,2,buffer
Co-Channel Interference,in-device coexistence interference,in-device coexistence interference,Concept,"in-device coexistence interference refers to interference occurring within a device due to coexistence of multiple radio technologies, and is the focus of the trace record described in the table.<SEP>in-device coexistence interference refers to interference caused by coexisting wireless technologies within a device, as specified in clause 4.34.3 of TS 38.331 [21].",chunk-16be714fa7709a91c307179a5bbfb670<SEP>chunk-ff07588e52f6cbede66f255d813df9ca,../3GPP-trunked/Rel-19/32_series/32423-j20.md4.34.3<SEP>../3GPP-trunked/Rel-19/32_series/32423-j20.md4.34.1,1770200453,Rel-19/22_series/22137-j10/graph_chunk_entity_relation.graphml,Rel-19,in-device coexistence interference,interference,2,interference
Co-Channel Interference,Trace Record for in-device coexistence interference,Trace Record for in-device coexistence interference,Concept,Trace Record for in-device coexistence interference is a measurement record defined in the context of NR (New Radio) in-device coexistence interference. It is used to capture interference factors related to In-Device Coexistence (IDC) and is applicable for both management-based and signaling-based activation. The record includes IDC assistance information as a polluted measurement indication when immediate MDT (Minimization of Drive Tests) measurement is available.,chunk-ff07588e52f6cbede66f255d813df9ca,../3GPP-trunked/Rel-19/32_series/32423-j20.md4.34.3,1770200439,Rel-19/22_series/22153-j20/graph_chunk_entity_relation.graphml,Rel-19,Trace Record for in-device coexistence interference,interference,2,interference
Co-Channel Interference,IDC assistance information,IDC assistance information,Concept,IDC assistance information is a measurement attribute that includes interference factors from In-Device Coexistence,chunk-ff07588e52f6cbede66f255d813df9ca,../3GPP-trunked/Rel-19/32_series/32423-j20.md4.34.3,1770200439,Rel-19/22_series/22153-j20/graph_chunk_entity_relation.graphml,Rel-19,IDC assistance information,interference,2,interference
Co-Channel Interference,In-Device Coexistence,In-Device Coexistence,Concept,"In-Device Coexistence refers to the coexistence of multiple radio technologies within a single device, where interference may occur between them. It is a key factor in the IDC assistance information and is explicitly included in the polluted measurement indication for in-device coexistence interference.",chunk-ff07588e52f6cbede66f255d813df9ca,../3GPP-trunked/Rel-19/32_series/32423-j20.md4.34.3,1770200439,Rel-19/22_series/22153-j20/graph_chunk_entity_relation.graphml,Rel-19,In-Device Coexistence,interference,2,interference
Co-Channel Interference,polluted measurement indication,polluted measurement indication,Concept,"polluted measurement indication is a type of measurement result that includes interference factors, such as those from In-Device Coexistence (IDC), and is used to reflect real-world signal degradation in immediate MDT measurements.",chunk-ff07588e52f6cbede66f255d813df9ca,../3GPP-trunked/Rel-19/32_series/32423-j20.md4.34.3,1770200439,Rel-19/22_series/22153-j20/graph_chunk_entity_relation.graphml,Rel-19,polluted measurement indication,interference,2,interference
Co-Channel Interference,immediate MDT measurement,immediate MDT measurement,Concept,immediate MDT measurement is a form of Minimization of Drive Tests measurement that is triggered promptly upon activation and is used when IDC assistance information is available to include interference factors in the trace record.,chunk-ff07588e52f6cbede66f255d813df9ca,../3GPP-trunked/Rel-19/32_series/32423-j20.md4.34.3,1770200439,Rel-19/22_series/22153-j20/graph_chunk_entity_relation.graphml,Rel-19,immediate MDT measurement,interference,2,interference
Co-Channel Interference,Trace Record for Immediate MDT measurements,Trace Record for Immediate MDT measurements,Concept,"Trace Record for Immediate MDT measurements is a standardized data structure defined in section 4.34.1 for capturing NR immediate Measurement and Reporting (MDT) data. It is used for both management-based and signaling-based activation of MDT measurements. The record includes multiple measurement types (M1 to M5) with associated attributes such as RSRP, RSRQ, PCI, SINR, triggering events, UE location, in-device coexistence interference, power headroom distribution, UL/DL volumes, QoS levels, and throughput metrics.",chunk-3018f94260a915e0a0b12c8db1c1dd8f,../3GPP-trunked/Rel-19/32_series/32423-j20.md4.34.1,1770200439,Rel-19/22_series/22153-j20/graph_chunk_entity_relation.graphml,Rel-19,Trace Record for Immediate MDT measurements,interference,2,interference
Co-Channel Interference,M1,M1,Concept,"M1 is a measurement type in the Trace Record for Immediate MDT measurements that captures RSRP, RSRQ, PCI, SINR, triggering event, UE location, and in-device coexistence interference data. It applies to both management-based",chunk-3018f94260a915e0a0b12c8db1c1dd8f,../3GPP-trunked/Rel-19/32_series/32423-j20.md4.34.1,1770200439,Rel-19/22_series/22153-j20/graph_chunk_entity_relation.graphml,Rel-19,M1,interference,2,interference
Co-Channel Interference,RTA,RTA,Concept,"RTA stands for Restricted Transmission, a condition or state where transmission is limited or controlled, likely to prevent interference or ensure compliance with regulatory or operational constraints.",chunk-a35c5af58bed3c0380a48cee9f491826,../3GPP-trunked/Rel-19/23_series/23700-59-j00.md3.2,1770197527,Rel-19/23_series/23700-59-j00/graph_chunk_entity_relation.graphml,Rel-19,RTA,interference,2,interference
Co-Channel Interference,SON Capacity and Coverage Optimization,SON Capacity and Coverage Optimization,Concept,"SON Capacity and Coverage Optimization (CCO) is a typical application that consumes management analytical data. It provides optimal coverage and capacity for the E-UTRAN and may also be applicable to 5G radio networks. CCO uses management analytical data related to coverage, capacity, and interference to assess network conditions and trigger optimization when needed.",chunk-de5e3d9660b0de6a395448c4128f72c0,../3GPP-trunked/Rel-19/28_series/28550-j00.md4.2,1770235128,Rel-19/28_series/28550-j00/graph_chunk_entity_relation.graphml,Rel-19,SON Capacity and Coverage Optimization,interference,2,interference
Co-Channel Interference,interference,interference,Terminology,,chunk-de5e3d9660b0de6a395448c4128f72c0,../3GPP-trunked/Rel-19/28_series/28550-j00.md4.2,1770235128,Rel-19/28_series/28550-j00/graph_chunk_entity_relation.graphml,Rel-19,interference,interference,2,interference
Co-Channel Interference,CLI,CLI,Concept,"CLI stands for Cross Link Interference and is an abbreviation defined in the present document, taking precedence over any definition in TR 21.905 [1] or TS 23.501 [4].",chunk-3140952a8ee0fb3020520e526f4563f0,../3GPP-trunked/Rel-19/28_series/28552-j30.mdNone,1770237092,Rel-19/28_series/28552-j30/graph_chunk_entity_relation.graphml,Rel-19,CLI,interference,2,interference
Co-Channel Interference,Co-location blocking,Co-location blocking,Concept,"Co-location blocking is a condition where interference occurs due to co-location of transmitters, evaluated using a continuous wave (CW) interferer with frequency f ≤ 3.0 GHz, and the wanted signal level is specified with a tolerance of ±0.7 dB for f ≤ 3.0 GHz, ±1.0 dB for 3.0 GHz < f ≤ 4.2 GHz, and ±1.22 dB for 4.2 GHz < f ≤ 6.0 GHz.",chunk-74cda4721d8de8ab8a1e59580fd39493,../3GPP-trunked/Rel-19/38_series/38176-1-j00.md4.1.2.3,1770228057,Rel-19/38_series/38101-3-j10_cover/graph_chunk_entity_relation.graphml,Rel-19,Co-location blocking,interference,2,interference
Co-Channel Interference,CW interferer,CW interferer,Signal,"A continuous wave (CW) interferer is used in testing scenarios to evaluate interference effects, with its level specified as ±0.5 dB for f ≤ 3.0 GHz, ±0.7 dB for 3.0 GHz < f ≤ 4",chunk-74cda4721d8de8ab8a1e59580fd39493,../3GPP-trunked/Rel-19/38_series/38176-1-j00.md4.1.2.3,1770228057,Rel-19/38_series/38101-3-j10_cover/graph_chunk_entity_relation.graphml,Rel-19,CW interferer,interference,2,interference
Co-Channel Interference,OTA co-location requirements,OTA co-location requirements,Concept,"OTA co-location requirements are technical specifications that ensure minimal interference between two co-located base station systems, specifically BS type 1-O and a co-location reference antenna. These requirements are based on the power at the conducted interface of the reference antenna and apply to both uplink and downlink signals.",chunk-118e8bed3ea96ac25a73791846ebea74,../3GPP-trunked/Rel-19/38_series/38104-j00.md4.9,1770218477,Rel-19/38_series/38104-j00/graph_chunk_entity_relation.graphml,Rel-19,OTA co-location requirements,interference,2,interference
Co-Channel Interference,unwanted emission co-location requirements,unwanted emission co-location requirements,Concept,"Unwanted emission co-location requirements are optional technical requirements based on declaration, designed to ensure minimal interference from unwanted emissions when BS type 1-O is co-located with another base station of the same class.",chunk-118e8bed3ea96ac25a73791846ebea74,../3GPP-trunked/Rel-19/38_series/38104-j00.md4.9,1770218477,Rel-19/38_series/38104-j00/graph_chunk_entity_relation.graphml,Rel-19,unwanted emission co-location requirements,interference,2,interference
Co-Channel Interference,out of band blocking co-location requirements,out of band blocking co-location requirements,Concept,"Out of band blocking co-location requirements are optional technical requirements based on declaration, intended to prevent interference caused by out-of-band signals from another co-located base station.",chunk-118e8bed3ea96ac25a73791846ebea74,../3GPP-trunked/Rel-19/38_series/38104-j00.md4.9,1770218477,Rel-19/38_series/38104-j00/graph_chunk_entity_relation.graphml,Rel-19,out of band blocking co-location requirements,interference,2,interference
Co-Channel Interference,TX OFF co-location requirements,TX OFF co-location requirements,Concept,"TX OFF co-location requirements are mandatory technical requirements that represent the worst-case interference scenario when the transmitter is off, ensuring system performance under such conditions.",chunk-118e8bed3ea96ac25a73791846ebea74,../3GPP-trunked/Rel-19/38_series/38104-j00.md4.9,1770218477,Rel-19/38_series/38104-j00/graph_chunk_entity_relation.graphml,Rel-19,TX OFF co-location requirements,interference,2,interference
Co-Channel Interference,TX IMD co-location requirements,TX IMD co-location requirements,Concept,"TX IMD co-location requirements are mandatory technical requirements related to transmitter intermodulation distortion, representing a worst-case interference scenario and ensuring minimal degradation in co-located systems.",chunk-118e8bed3ea96ac25a73791846ebea74,../3GPP-trunked/Rel-19/38_series/38104-j00.md4.9,1770218477,Rel-19/38_series/38104-j00/graph_chunk_entity_relation.graphml,Rel-19,TX IMD co-location requirements,interference,2,interference
Co-Channel Interference,guardband,guardband,Concept,guardband is a frequency band reserved between the BS channel bandwidth and the transmission bandwidth configuration to prevent interference between adjacent channels. It is part of the overall channel bandwidth structure and is defined in relation to the channel bandwidth and transmission bandwidth configuration.,chunk-b8beb77d2bff84d301ce3a2e25a258ca,../3GPP-trunked/Rel-19/38_series/38104-j00.md5.3.1,1770218547,Rel-19/38_series/38104-j00/graph_chunk_entity_relation.graphml,Rel-19,guardband,interference,2,interference
Faulty Handover Algorithm,BSSMAP,BSSMAP,Technology,"BSSMAP is a signaling protocol used in mobile networks for communication between the MSC and BSS. It supports various messages and information elements related to call handling, location management, and handover procedures.",chunk-85f6f8c6ff86af3b6c0ef22071650a73,../3GPP-trunked/Rel-19/32_series/32423-j20.md4.2,1770199845,Rel-19/22_series/22840-j00/graph_chunk_entity_relation.graphml,Rel-19,BSSMAP,handover; handover procedure,6,handover procedure; handover
Faulty Handover Algorithm,HANDOVER NOTIFY PATH SWITCH REQUEST,HANDOVER NOTIFY PATH SWITCH REQUEST,Concept,HANDOVER NOTIFY PATH SWITCH REQUEST is a signaling message in the S1 interface that is part of the handover procedure and is used to notify the target eNodeB of the path switch during a handover. It is defined in TS 36.413 and is mandatory for both sender and receiver.,chunk-e8359b6ddc061fa129d6ea85a6a989a7,../3GPP-trunked/Rel-19/32_series/32423-j20.md4.12,1770200071,Rel-19/22_series/22856-j20/graph_chunk_entity_relation.graphml,Rel-19,HANDOVER NOTIFY PATH SWITCH REQUEST,handover; handover procedure,6,handover procedure; handover
Faulty Handover Algorithm,HANDOVER REQUIRED,HANDOVER REQUIRED,Concept,HANDOVER REQUIRED is a signaling message in the S1 interface sent from the source eNodeB to the MME to initiate the handover procedure. It is mandatory for both sender and receiver and is defined in TS 36.413.,chunk-e8359b6ddc061fa129d6ea85a6a989a7,../3GPP-trunked/Rel-19/32_series/32423-j20.md4.12,1770200071,Rel-19/22_series/22856-j20/graph_chunk_entity_relation.graphml,Rel-19,HANDOVER REQUIRED,handover; handover procedure,6,handover procedure; handover
Faulty Handover Algorithm,X2,X2,Technology,"X2 is a wireless interface in LTE networks that connects two eNodeBs, facilitating inter-eNodeB communication for mobility management and handover procedures.",chunk-9a98e15965b34a32af72e9791af706ee,../3GPP-trunked/Rel-19/32_series/32423-j20.md4.13,1770200081,Rel-19/22_series/22856-j20/graph_chunk_entity_relation.graphml,Rel-19,X2,handover; handover procedure; mobility,6,handover procedure; handover
Faulty Handover Algorithm,UE History Information,UE History Information,Concept,"UE History Information is an information element in X2AP messages that contains historical data about the UE's previous connections, used during handover procedures.",chunk-9a98e15965b34a32af72e9791af706ee,../3GPP-trunked/Rel-19/32_series/32423-j20.md4.13,1770200081,Rel-19/22_series/22856-j20/graph_chunk_entity_relation.graphml,Rel-19,UE History Information,handover; handover procedure,6,handover procedure; handover
Faulty Handover Algorithm,MME to SGSN handover,MME to SGSN handover,UNKNOWN,The movement of a UE from an MME to an SGSN triggers the MME to SGSN handover procedure,chunk-d9e2d3e9935d184adcd68347f82dbd69,../3GPP-trunked/Rel-19/23_series/23003-j20.md2.8.2.1.1,1770207366,Rel-19/24_series/24080-j10/graph_chunk_entity_relation.graphml,Rel-19,MME to SGSN handover,handover; handover procedure,6,handover procedure; handover
Faulty Handover Algorithm,Introduction,Introduction,UNKNOWN,The movement of a UE from an MME to an SGSN triggers the MME to SGSN handover procedure,chunk-d9e2d3e9935d184adcd68347f82dbd69,../3GPP-trunked/Rel-19/23_series/23003-j20.md2.8.2.1.1,1770207366,Rel-19/24_series/24080-j10/graph_chunk_entity_relation.graphml,Rel-19,Introduction,handover; handover procedure,6,handover procedure; handover
Faulty Handover Algorithm,S4 SGSN,S4 SGSN,UNKNOWN,The MME to SGSN handover procedure supports the use of an S4 SGSN as the target SGSN,chunk-d9e2d3e9935d184adcd68347f82dbd69,../3GPP-trunked/Rel-19/23_series/23003-j20.md2.8.2.1.1,1770207366,Rel-19/24_series/24080-j10/graph_chunk_entity_relation.graphml,Rel-19,S4 SGSN,handover; handover procedure,6,handover procedure; handover
Faulty Handover Algorithm,location areas,location areas,Concept,Location areas are geographical regions used in mobile networks for managing mobile device tracking and routing. They are identified within the network to support location-based services and handover procedures.,chunk-ccdac0d917aca60c27d1691cf943802f,../3GPP-trunked/Rel-19/23_series/23003-j20.md4,1770207616,Rel-19/24_series/24247-j10/graph_chunk_entity_relation.graphml,Rel-19,location areas,handover; handover procedure,6,handover procedure; handover
Faulty Handover Algorithm,Dual Active Protocol Stack,Dual Active Protocol Stack,Concept,Dual Active Protocol Stack is a handover procedure where the User Equipment (UE) connects to the target before releasing the connection to the source.,chunk-b6d2fff69ae9dd782e71769354d38713,../3GPP-trunked/Rel-19/28_series/28552-j30.mdNone,1770236516,Rel-19/28_series/28552-j30/graph_chunk_entity_relation.graphml,Rel-19,Dual Active Protocol Stack,handover; handover procedure,6,handover procedure; handover
Faulty Handover Algorithm,Relative Time Stamp Accuracy,Relative Time Stamp Accuracy,Concept,"Relative Time Stamp Accuracy is a requirement specified for the RRC Connection Establishment Failure Log Report, ensuring precise timing synchronization during the establishment of an RRC connection.<SEP>Relative Time Stamp Accuracy is a requirement specified in section 4.3C.3 for accurate timing in log reporting related to radio link failure and handover failure. It ensures synchronization between timestamps for reliable failure analysis.",chunk-06fb3849a2b05fc784df644ba8ef5ac2<SEP>chunk-44e3ff5b5220c474dc2c17dd29e214b8,../3GPP-trunked/Rel-19/38_series/38133-j00_cover.md4.3.4<SEP>../3GPP-trunked/Rel-19/38_series/38133-j00_cover.md4.3.5,1770217843,Rel-19/38_series/38133-j00_cover/graph_chunk_entity_relation.graphml,Rel-19,Relative Time Stamp Accuracy,handover; handover failure,6,handover failure; handover
Faulty Handover Algorithm,Handover Failure,Handover Failure,Concept,"Handover Failure occurs when a mobile device fails to switch from one cell to another, and its log reporting requires accurate relative time stamping as defined in section 4.3C.3.",chunk-44e3ff5b5220c474dc2c17dd29e214b8,../3GPP-trunked/Rel-19/38_series/38133-j00_cover.md4.3.5,1770217844,Rel-19/38_series/38133-j00_cover/graph_chunk_entity_relation.graphml,Rel-19,Handover Failure,handover; handover failure,6,handover failure; handover
Faulty Handover Algorithm,Handover Failure Log Reporting,Handover Failure Log Reporting,Concept,"Handover Failure Log Reporting is a logging mechanism for recording instances of failed handover attempts, which requires accurate relative time stamping as specified in section 4.3C.3.",chunk-44e3ff5b5220c474dc2c17dd29e214b8,../3GPP-trunked/Rel-19/38_series/38133-j00_cover.md4.3.5,1770217844,Rel-19/38_series/38133-j00_cover/graph_chunk_entity_relation.graphml,Rel-19,Handover Failure Log Reporting,handover; handover failure,6,handover failure; handover
Faulty Handover Algorithm,condHandoverFailure-r16,condHandoverFailure-r16,Concept,"condHandoverFailure-r16 is a conditional handover failure detection mechanism in 3GPP Release 16, and is currently checked. It is associated with the parameter configuration pc_condHandoverFailure_r16.)##
(entity",chunk-0d5781f25913d16fc1f37536fe1785ff,../3GPP-trunked/Rel-19/38_series/38523-1-j00_s0815-s08161.md8.1.5.1.1.3.3,1770225888,Rel-19/38_series/38174-j00/graph_chunk_entity_relation.graphml,Rel-19,condHandoverFailure-r16,handover; handover failure,6,handover failure; handover
Faulty Handover Algorithm,SRVCC,SRVCC,Technology,"SRVCC is a handover mechanism enabling seamless voice continuity from LTE to GERAN/UTRAN, used in MTSI speech calls when transitioning",chunk-8dc35f086e7389e2e4673b855beefc10,../3GPP-trunked/Rel-19/34_series/34229-2-j00.md4.1,1770200808,Rel-19/22_series/22011-j50/graph_chunk_entity_relation.graphml,Rel-19,SRVCC,handover,2,handover
Faulty Handover Algorithm,Legacy service support,Legacy service support,Concept,"Legacy service support is a requirement in the 5G system that mandates support for all EPS capabilities as defined in 3GPP TS 22.011, 22.101, 22.278, 22.185, 22.071, 22.115, 22.153, 22.173, and 22.468. However, several specific service continuities and fallback mechanisms are explicitly not supported, including voice service continuity from NG-RAN to GERAN, UTRAN CS, or UTRAN, CS fallback to GERAN or UTRAN, seamless handover to GERAN or UTRAN, access to 5G core via GERAN or UTRAN, video service continuity between 5GS and UMTS, IP address preservation during mobility between 5GS and GSM/UMTS, and service continuity between 5GS and CDMA2000.",chunk-b62e8c8ab4c4d56d3516125d75c14c84,../3GPP-trunked/Rel-19/22_series/22261-ja0.md5.1.2.2,1770175257,Rel-19/22_series/22261-ja0/graph_chunk_entity_relation.graphml,Rel-19,Legacy service support,handover; mobility,2,handover
Faulty Handover Algorithm,HANDOVER REQUIRED PAGING,HANDOVER REQUIRED PAGING,Concept,"HANDOVER REQUIRED PAGING is a BSSMAP message used to initiate paging for a handover process, requiring the use of Cell Identifier List (Preferred) and triggered under specific conditions.",chunk-85f6f8c6ff86af3b6c0ef22071650a73,../3GPP-trunked/Rel-19/32_series/32423-j20.md4.2,1770199845,Rel-19/22_series/22840-j00/graph_chunk_entity_relation.graphml,Rel-19,HANDOVER REQUIRED PAGING,handover,2,handover
Faulty Handover Algorithm,MAP,MAP,Technology,"MAP is a signaling protocol used in mobile networks for communication between network elements such as MSC, HLR, and VLR, supporting services like call control, SMS, and subscriber data management.<SEP>MAP is a signaling protocol used in mobile networks for managing mobility and call control, defined in TS 29.002. It supports various procedures including handover preparation, access signaling, and identification, and is associated with specific messages and parameters such as IMSI, RAB ID, and error indicators.",chunk-b68b1449c05b918c615b607703833122<SEP>chunk-85f6f8c6ff86af3b6c0ef22071650a73,../3GPP-trunked/Rel-19/32_series/32423-j20.md4.2,1770199845,Rel-19/22_series/22840-j00/graph_chunk_entity_relation.graphml,Rel-19,MAP,handover; mobility,2,handover
Faulty Handover Algorithm,Handover Number,Handover Number,Terminology,,chunk-b68b1449c05b918c615b607703833122,../3GPP-trunked/Rel-19/32_series/32423-j20.md4.2,1770199846,Rel-19/22_series/22840-j00/graph_chunk_entity_relation.graphml,Rel-19,Handover Number,handover,2,handover
Faulty Handover Algorithm,traffic switching,traffic switching,Concept,"Traffic switching is a functionality within the 5G system that enables the transfer of user data from one 3GPP access network to another during an active session, supporting seamless handover and continuity.",chunk-8a64335dc7d1f6f7de98b98e3098f95e,../3GPP-trunked/Rel-19/22_series/22841-j00.md4,1770176542,Rel-19/22_series/22841-j00/graph_chunk_entity_relation.graphml,Rel-19,traffic switching,handover,2,handover
Faulty RF Filters,Nnef_EventExposure_Subscribe,Nnef_EventExposure_Subscribe,Technology,"Nnef_EventExposure_Subscribe is a service invoked by the AF to trigger energy information exposure, including parameters such as desired granularity, desired information type, and optional information like UE ID(s)/GPSI, DNN, S-NSSAI, and filter criteria.",chunk-134585306099fc4c4667bb4fe9f7dd93,../3GPP-trunked/Rel-19/23_series/23700-66-j00.md6.17.3,1770201663,Rel-19/22_series/22125-j20/graph_chunk_entity_relation.graphml,Rel-19,Nnef_EventExposure_Subscribe,filter,2,filter
Faulty RF Filters,QoS profile criteria,QoS profile criteria,Concept,"QoS profile criteria are conditions used to define data volume measurements for cross-operator accounting. They may include one or more of: Q<SEP>QoS profile criteria are conditions used to filter data volume measurements in the management of cross-operator accounting. They include one or more of: QCI Indicator, GBR Indicator, and ARP Indicator, each specifying a particular quality of service parameter.",chunk-3db0da9c232fb79f68077aac2bd2b93f<SEP>chunk-887edcab2d349f7bd07c71c2afaafc5b,../3GPP-trunked/Rel-19/32_series/32130-j00.md6.1<SEP>../3GPP-trunked/Rel-19/32_series/32130-j00.md6.4.1,1770200273,Rel-19/22_series/22268-j00/graph_chunk_entity_relation.graphml,Rel-19,QoS profile criteria,filter,2,filter
Faulty RF Filters,PCF/AMF,PCF/AMF,Technology,"The PCF and AMF obtain energy related information and validity information to generate URSP rules and slices.<SEP>PCF/AMF is a network function that acts as a consumer NF and is enabled to support energy-related information. It sends an Analytics request or subscription to NWDAF, including either a new Analytics ID for ""Energy related Information"" or an existing Analytics ID combined with Analytics Filters such as Application ID, S-NSSAI, DNN, and Area of Interest.<SEP>PCF/AMF is a network function acting as a consumer NF that, when enabled, sends a request or subscribes to the EMF to obtain energy-related information.",chunk-2658dfbd71f2bcaf27ce68d018d1fe8b<SEP>chunk-8040d878674cc76f77e18c82593ae0d0<SEP>chunk-437f18fa20c7f014185d8a3c0b0d48b1,../3GPP-trunked/Rel-19/23_series/23700-66-j00.md6.11.3<SEP>../3GPP-trunked/Rel-19/23_series/23700-66-j00.md6.11.3.1<SEP>../3GPP-trunked/Rel-19/23_series/23700-66-j00.md6.11.3.2,1770201321,Rel-19/22_series/22369-j30/graph_chunk_entity_relation.graphml,Rel-19,PCF/AMF,filter,2,filter
Faulty RF Filters,Energy related Information,Energy related Information,Concept,"Energy related Information is a type of analytics data that can be requested or subscribed to by PCF/AMF via a new Analytics ID or an existing Analytics ID combined with Analytics Filters such as Application ID, S-NSSAI, DNN, and Area of Interest. It is collected and analyzed by NWDAF and delivered to PCF/AMF.",chunk-8040d878674cc76f77e18c82593ae0d0,../3GPP-trunked/Rel-19/23_series/23700-66-j00.md6.11.3.1,1770201258,Rel-19/22_series/22369-j30/graph_chunk_entity_relation.graphml,Rel-19,Energy related Information,filter,2,filter
Faulty RF Filters,Analytics request,Analytics request,Concept,"Analytics request is a procedure initiated by PCF/AMF to NWDAF to obtain energy-related information. It includes either a new Analytics ID for ""Energy related Information"" or an existing Analytics ID with associated Analytics Filters.",chunk-8040d878674cc76f77e18c82593ae0d0,../3GPP-trunked/Rel-19/23_series/23700-66-j00.md6.11.3.1,1770201258,Rel-19/22_series/22369-j30/graph_chunk_entity_relation.graphml,Rel-19,Analytics request,filter,2,filter
Faulty RF Filters,Analytics Filters,Analytics Filters,Terminology,,chunk-5f1ae4b05481966deb21326e24a6c8db,../3GPP-trunked/Rel-19/23_series/23700-66-j00.md6.11.4,1770201320,Rel-19/22_series/22369-j30/graph_chunk_entity_relation.graphml,Rel-19,Analytics Filters,filter,2,filter
Faulty RF Filters,Nnef_EnergyInfo_Subscribe,Nnef_EnergyInfo_Subscribe,Signal,"Nnef_EnergyInfo_Subscribe is a request invoked by the AF to update the filter information of the subscription for network energy-related information.<SEP>Nnef_EnergyInfo_Subscribe is a request signal sent by the AF to the NEF to subscribe for network energy-related information. It includes parameters such as Granularity of Reporting, Filter Information, Reporting Mode, threshold values, and optional indications for top contributors and ordered lists of contributors.",chunk-7cfc6fa062a1e15811dc31886c5e8639<SEP>chunk-a5aabe688f0ef48dae899713464fcd12,../3GPP-trunked/Rel-19/23_series/23700-66-j00.md6.2.3.1,1770200835,Rel-19/22_series/22843-j20/graph_chunk_entity_relation.graphml,Rel-19,Nnef_EnergyInfo_Subscribe,filter,2,filter
Faulty RF Filters,Filter Information,Filter Information,Terminology,,chunk-7cfc6fa062a1e15811dc31886c5e8639,../3GPP-trunked/Rel-19/23_series/23700-66-j00.md6.2.3.1,1770200836,Rel-19/22_series/22843-j20/graph_chunk_entity_relation.graphml,Rel-19,Filter Information,filter,2,filter
Faulty RF Filters,IP filter information,IP filter information,Terminology,,chunk-07e2e92f2a3d0a7e18745b7740956a1f,../3GPP-trunked/Rel-19/23_series/23700-66-j00.md6.12.2.2,1770201423,Rel-19/22_series/22876-j10/graph_chunk_entity_relation.graphml,Rel-19,IP filter information,filter,2,filter
Faulty RF Filters,count,count,Attribute,"count is a Uinteger data type attribute in RecordSearchResultDescriptor that indicates the number of records found by the search. If the tag-count-filter parameter is included, count must be set to 0 and should be ignored in such cases.",chunk-3b4acb644d7c7e037f4fdcec4dc9dc8d,../3GPP-trunked/Rel-19/29_series/29598-j10.md6.1.6.2.2,1770194287,Rel-19/23_series/23007-j10/graph_chunk_entity_relation.graphml,Rel-19,count,filter,2,filter
Faulty RF Filters,tagCountResult,tagCountResult,Attribute,tagCountResult is a map of TagCount data type attribute in RecordSearchResultDescriptor that contains the result of advanced counting. The key of the map is the unique identifier used to identify the Advanced Counting map in the GET operation. It is conditionally present and must be included if the tag-count-filter parameter was included in the request.,chunk-3b4acb644d7c7e037f4fdcec4dc9dc8d,../3GPP-trunked/Rel-19/29_series/29598-j10.md6.1.6.2.2,1770194287,Rel-19/23_series/23007-j10/graph_chunk_entity_relation.graphml,Rel-19,tagCountResult,filter,2,filter
Faulty RF Filters,tag-count-filter,tag-count-filter,Terminology,,chunk-3b4acb644d7c7e037f4fdcec4dc9dc8d,../3GPP-trunked/Rel-19/29_series/29598-j10.md6.1.6.2.2,1770194287,Rel-19/23_series/23007-j10/graph_chunk_entity_relation.graphml,Rel-19,tag-count-filter,filter,2,filter
Faulty RF Filters,filter criteria,filter criteria,Concept,Filter criteria are conditions used to identify and retrieve specific records from the resource based on matching attributes.,chunk-2bf186b942349a84861c407509d5b0f5,../3GPP-trunked/Rel-19/29_series/29598-j10.md6.1.3.2.1,1770194026,Rel-19/23_series/23041-j00/graph_chunk_entity_relation.graphml,Rel-19,filter criteria,filter,2,filter
Faulty RF Filters,search,search,Concept,Search is an operation performed on the resource to locate specific records that meet the specified filter criteria.,chunk-2bf186b942349a84861c407509d5b0f5,../3GPP-trunked/Rel-19/29_series/29598-j10.md6.1.3.2.1,1770194026,Rel-19/23_series/23041-j00/graph_chunk_entity_relation.graphml,Rel-19,search,filter,2,filter
Faulty RF Filters,subFilter,subFilter,Attribute,"subFilter is an optional attribute of type SubscriptionFilter that, if not included, means the subscription applies to all Create, Delete, and Update events of the storage.",chunk-91b09d438b3795359c602b0da82d9c2b,../3GPP-trunked/Rel-19/29_series/29598-j10.md6.1.6.2.10,1770194340,Rel-19/23_series/23203-j10/graph_chunk_entity_relation.graphml,Rel-19,subFilter,filter,2,filter
Faulty RF Filters,SubscriptionFilter,SubscriptionFilter,Concept,"SubscriptionFilter is a type defined in Table 6.1.6.2.13-1 that specifies criteria for monitoring resource changes and triggering notifications. It includes attributes such as monitoredResourceUris and operations, with specific rules for their usage and applicability.>",chunk-9f648ce950efd76669d61fd7a29fa467,../3GPP-trunked/Rel-19/29_series/29598-j10.md6.1.6.2.13,1770194367,Rel-19/23_series/23203-j10/graph_chunk_entity_relation.graphml,Rel-19,SubscriptionFilter,filter,2,filter
Faulty RF Filters,CountExpression,CountExpression,Concept,"CountExpression is a type defined in Table 6.1.6.2.19-1 that specifies the attributes and constraints for counting records in a storage system. It includes the tag, countType, and filter attributes with specific data types, cardinalities, and applicability conditions.",chunk-509174f35e26205d0f08b45b47899389,../3GPP-trunked/Rel-19/29_series/29598-j10.md6.1.6.2.19,1770194427,Rel-19/23_series/23203-j10/graph_chunk_entity_relation.graphml,Rel-19,CountExpression,filter,2,filter
Faulty RF Filters,filter,filter,Terminology,,chunk-509174f35e26205d0f08b45b47899389,../3GPP-trunked/Rel-19/29_series/29598-j10.md6.1.6.2.19,1770194426,Rel-19/23_series/23203-j10/graph_chunk_entity_relation.graphml,Rel-19,filter,filter,2,filter
Faulty RF Filters,AdvancedCounting,AdvancedCounting,Concept<SEP>UNKNOWN,"AdvancedCounting is a component or<SEP>AdvancedCounting is an application that uses SearchExpression and specifically incorporates<SEP>AdvancedCounting is a feature that supports retrieval of aggregate, total, and unique tag counts from the UDSF. When querying for tag counts, the user can specify a tag-count-filter query parameter with countType and optional<SEP>The behavior of TOTAL_COUNT depends on whether the ""tag"" is provided in AdvancedCounting",chunk-0885b138b0739888591427a630368e41<SEP>chunk-d9ddb879855996878798d09ae7d5213b<SEP>chunk-132bbe6a34836f04ebf9a79754f65150,../3GPP-trunked/Rel-19/29_series/29598-j10.md6.1.6.3.8<SEP>../3GPP-trunked/Rel-19/29_series/29598-j10.md6.1.6.4.1<SEP>../3GPP-trunked/Rel-19/29_series/29598-j10.md6.1.8,1770194506<SEP>1770194480,Rel-19/23_series/23203-j10/graph_chunk_entity_relation.graphml<SEP>Rel-19/23_series/23700-21-j10/graph_chunk_entity_relation.graphml,Rel-19,AdvancedCounting<SEP>AdvancedCounting)##,filter,2,filter
Faulty RF Filters,BulkOperations,BulkOperations,Concept,"BulkOperations is a feature that enables optimization for retrieval or deletion of a large number of records identified by a list of record IDs. It allows NF consumers to request remaining records via a recordIdList when only a subset of matching records is received due to content size limits, provided the CombinedSearchRetrieve feature was previously used. If not supported, the RecordIdList must not be included in the filter query parameter of search requests.",chunk-0885b138b0739888591427a630368e41,../3GPP-trunked/Rel-19/29_series/29598-j10.md6.1.8,1770194506,Rel-19/23_series/23203-j10/graph_chunk_entity_relation.graphml,Rel-19,BulkOperations,filter,2,filter
High Network Congestion,service information,service information,Concept,"Service information refers to data sent by the Application Function (AF) to the Policy and Charging Rules Function (PCRF) for policy and charging control purposes, and is subject to temporary rejection due to network congestion, prompting a retry after the Retry-Interval AVP duration.",chunk-2dbadc94f0636283f63d8b906c0fd444,../3GPP-trunked/Rel-19/29_series/29214-j00.md5.3.39,1770187583,Rel-19/29_series/29176-j10/graph_chunk_entity_relation.graphml,Rel-19,service information,congestion; network congestion,6,network congestion; congestion
High Network Congestion,DL media stream,DL media stream,Signal,"DL media stream is the downlink media data transmitted from the MCVideo server to the MCVideo UE, which carries ECN marking in the IP header to reflect the current network congestion status.",chunk-3504f8ae4dcbbe248a1ad6e07c21628c,../3GPP-trunked/Rel-19/23_series/23289-j50.md7.7.3.1,1770213941,Rel-19/33_series/33784-j00/graph_chunk_entity_relation.graphml,Rel-19,DL media stream,congestion; network congestion,6,network congestion; congestion
High Network Congestion,UL media stream,UL media stream,Signal,"UL media stream is the uplink data flow from the MCVideo client to the MCVideo server, which carries media packets and includes ECN marking in the IP header to reflect network congestion status.",chunk-4eb59dea0097e0c021683cde5fe8ed5f,../3GPP-trunked/Rel-19/23_series/23289-j50.md7.7.3.2,1770213943,Rel-19/33_series/33784-j00/graph_chunk_entity_relation.graphml,Rel-19,UL media stream,congestion; network congestion,6,network congestion; congestion
High Network Congestion,ECN marking for L4S,ECN marking for L4S,Concept,ECN marking for L4S is a congestion control mechanism used in L4S traffic to signal network congestion. The SMF notifies the PCF when this marking can no longer or can again be performed.,chunk-3615e8475af1d4932dc249dd648c6eaf,../3GPP-trunked/Rel-19/23_series/23503-j30.md6.1.3.5,1770221034,Rel-19/38_series/38133-j00_sA.1-A.3/graph_chunk_entity_relation.graphml,Rel-19,ECN marking for L4S,congestion; network congestion,6,network congestion; congestion
High Network Congestion,Trace Recording Session,Trace Recording Session,Concept,"A Trace Recording Session is a session during which trace records are collected, and it may experience overload conditions leading to throttling of lower priority trace records.<SEP>The Trace Recording Session is a session during which trace data is recorded, and it can be subject to throttling. The session is terminated or modified when the Trace Recording Session Throttled Stop administrative message is sent.",chunk-804bb57b2db049e28d1a6b8f31df447a<SEP>chunk-454503833905e64fed2725d12258be74,../3GPP-trunked/Rel-19/32_series/32423-j20.md5.2.4.10<SEP>../3GPP-trunked/Rel-19/32_series/32423-j20.md5.2.4.11,1770200589,Rel-19/22_series/22137-j10/graph_chunk_entity_relation.graphml,Rel-19,Trace Recording Session,overload,2,overload
High Network Congestion,Trace Recording Session Throttled Start administrative message,Trace Recording Session Throttled Start administrative message,Concept,"The Trace Recording Session Throttled Start administrative message is used to indicate that lower priority trace records are missing, potentially due to an overload condition in a Trace Recording Session. It may have a zero-size payload or specify the types of missing contents. The traceRecordTypeId field in the Trace Record Header is set to ""TRACE_RECORDING_SESSION_THROTTLED_START"".",chunk-454503833905e64fed2725d12258be74,../3GPP-trunked/Rel-19/32_series/32423-j20.md5.2.4.10,1770200505,Rel-19/22_series/22153-j20/graph_chunk_entity_relation.graphml,Rel-19,Trace Recording Session Throttled Start administrative message,overload,2,overload
High Network Congestion,overload condition,overload condition,Challenge,"An overload condition is a situation in a Trace Recording Session that may cause lower priority trace records to be missing, leading to the use of the Trace Recording Session Throttled Start administrative message.",chunk-454503833905e64fed2725d12258be74,../3GPP-trunked/Rel-19/32_series/32423-j20.md5.2.4.10,1770200505,Rel-19/22_series/22153-j20/graph_chunk_entity_relation.graphml,Rel-19,overload condition,overload,2,overload
High Network Congestion,lower priority trace records,lower priority trace records,Concept,"Lower priority trace records are trace records that may be omitted or not captured during a Trace Recording Session due to system overload, and their absence is signaled by the Trace Recording Session Throttled Start administrative message.",chunk-454503833905e64fed2725d12258be74,../3GPP-trunked/Rel-19/32_series/32423-j20.md5.2.4.10,1770200505,Rel-19/22_series/22153-j20/graph_chunk_entity_relation.graphml,Rel-19,lower priority trace records,overload,2,overload
High Network Congestion,SERVICE_CENTRE_CONGESTION,SERVICE_CENTRE_CONGESTION,Concept,SERVICE_CENTRE_CONGESTION is an application,chunk-ffcefcf13b0af46945bbe49ba11e23c2,../3GPP-trunked/Rel-19/29_series/29541-j00.md6.2.7.3,1770194202,Rel-19/23_series/23007-j10/graph_chunk_entity_relation.graphml,Rel-19,SERVICE_CENTRE_CONGESTION,congestion,2,congestion
High Network Congestion,filter based overload control,filter based overload control,Concept<SEP>UNKNOWN,Filter based overload control is a mechanism described in section 5.22.2 that manages system overload by filtering incoming requests or signals. It is designed to prevent system overload by selectively processing or rejecting traffic based on predefined criteria.<SEP>Filter based overload control uses a mechanism to manage system overload by filtering incoming requests or signals,chunk-98aa1f63e68228b71b1e60232a4ef8a2,../3GPP-trunked/Rel-19/23_series/23228-j20.md1,1770198227,Rel-19/23_series/23228-j20/graph_chunk_entity_relation.graphml,Rel-19,filter based overload control<SEP>filter based overload control)##,overload,2,overload
High Network Congestion,information flow,information flow,Concept,"Information flow refers to the movement of data or control signals between components in the filter based overload control mechanism, as illustrated in the accompanying figure.",chunk-98aa1f63e68228b71b1e60232a4ef8a2,../3GPP-trunked/Rel-19/23_series/23228-j20.md1,1770198227,Rel-19/23_series/23228-j20/graph_chunk_entity_relation.graphml,Rel-19,information flow,overload,2,overload
High Network Congestion,mechanism,mechanism,Concept,Mechanism refers to the operational method or process used in the filter based overload control to manage system overload by applying filters to incoming traffic.,chunk-98aa1f63e68228b71b1e60232a4ef8a2,../3GPP-trunked/Rel-19/23_series/23228-j20.md1,1770198227,Rel-19/23_series/23228-j20/graph_chunk_entity_relation.graphml,Rel-19,mechanism,overload,2,overload
High Network Congestion,AS/S-CSCF,AS/S-CSCF,Technology,"AS/S-CSCF is a component that subscribes to overload event notifications for AS-1 and AS-2 during initialization or restart, and receives overload control filters (1c) and (2c). It is responsible for determining the forwarding destination of an incoming INVITE message, such as AS-1 in the given example.",chunk-b66c0fdd0b985168e16d12e98d88ff21,../3GPP-trunked/Rel-19/23_series/23228-j20.md3,1770198242,Rel-19/23_series/23228-j20/graph_chunk_entity_relation.graphml,Rel-19,AS/S-CSCF,overload,2,overload
High Network Congestion,AS-1,AS-1,Technology,AS-1 is a service component that receives overload event notifications from AS/S-CSCF and is a potential forwarding destination for an INVITE message.,chunk-b66c0fdd0b985168e16d12e98d88ff21,../3GPP-trunked/Rel-19/23_series/23228-j20.md3,1770198242,Rel-19/23_series/23228-j20/graph_chunk_entity_relation.graphml,Rel-19,AS-1,overload,2,overload
High Network Congestion,AS-2,AS-2,Technology,AS-2 is a service component that receives overload event notifications from AS/S-CSCF and is a potential forwarding destination for an INVITE message.,chunk-b66c0fdd0b985168e16d12e98d88ff21,../3GPP-trunked/Rel-19/23_series/23228-j20.md3,1770198242,Rel-19/23_series/23228-j20/graph_chunk_entity_relation.graphml,Rel-19,AS-2,overload,2,overload
High Network Congestion,overload event notification,overload event notification,Concept,Overload event notification is a mechanism used by AS/S-CSCF to subscribe to and receive status updates regarding the overload conditions of AS-1,chunk-b66c0fdd0b985168e16d12e98d88ff21,../3GPP-trunked/Rel-19/23_series/23228-j20.md3,1770198242,Rel-19/23_series/23228-j20/graph_chunk_entity_relation.graphml,Rel-19,overload event notification,overload,2,overload
High Network Congestion,overload control filters (1c),overload control filters (1c),Terminology,,chunk-b66c0fdd0b985168e16d12e98d88ff21,../3GPP-trunked/Rel-19/23_series/23228-j20.md3,1770198242,Rel-19/23_series/23228-j20/graph_chunk_entity_relation.graphml,Rel-19,overload control filters (1c),overload,2,overload
High Network Congestion,overload control filters (2c),overload control filters (2c),Terminology,,chunk-b66c0fdd0b985168e16d12e98d88ff21,../3GPP-trunked/Rel-19/23_series/23228-j20.md3,1770198242,Rel-19/23_series/23228-j20/graph_chunk_entity_relation.graphml,Rel-19,overload control filters (2c),overload,2,overload
High Network Congestion,system overload,system overload,Terminology,,chunk-caa882272eb23e1e674186ab0fead4ac,../3GPP-trunked/Rel-19/32_series/32401-j00.md5.4.3,1770195988,Rel-19/23_series/23289-j50/graph_chunk_entity_relation.graphml,Rel-19,system overload,overload,2,overload
High Network Congestion,S-EAS,S-EAS,Technology,"S-EAS is a system entity that acts as a source for Application Context and may initiate ACT with the CAS. It is involved in ACR execution and can perform ACT directly with CAS, though the specification of such process is out of scope.<SEP>S-EAS is a legacy component that is replaced by CAS in the described scenarios.<SEP>S-EAS is a source edge application server that may trigger ACR due to UE movement, overload, or maintenance, and acts as an S-EAS during ACR procedures where it interacts with the CAS and CES.",chunk-fef4b8eab930e6f6ffb693b0559dd471<SEP>chunk-1ea03a1d577c564a1a197da9f643a7c6<SEP>chunk-31174e5a284b9869ea541c3403583a43,../3GPP-trunked/Rel-19/23_series/23558-j50.md4<SEP>../3GPP-trunked/Rel-19/23_series/23558-j50.mdNone,1770168107,Rel-19/23_series/23558-j50/graph_chunk_entity_relation.graphml,Rel-19,S-EAS,overload,2,overload
Resource Allocation Bugs,first come first served mode,first come first served mode,Concept,"First come first served mode is a resource allocation strategy used in the Fully pooled radio resources between two POPs use case, where UEs from POP A and POP B are served in the order of their arrival on the S-RAN.",chunk-3e55e30e677e3f7612b93056fd9d6fd4,../3GPP-trunked/Rel-19/32_series/32130-j00.md5.4.1,1770200084,Rel-19/22_series/22856-j20/graph_chunk_entity_relation.graphml,Rel-19,first come first served mode,resource allocation; radio resource; allocation,8,resource allocation; radio resource
Resource Allocation Bugs,BEARER RESOURCE ALLOCATION REQUEST,BEARER RESOURCE ALLOCATION REQUEST,Concept,BEARER RESOURCE ALLOCATION REQUEST is a message used in EPS Session Management to request allocation of radio,chunk-3823fbe97d94ca28a02c8a70e802c874,../3GPP-trunked/Rel-19/32_series/32423-j20.md4.12,1770200075,Rel-19/22_series/22865-j20/graph_chunk_entity_relation.graphml,Rel-19,BEARER RESOURCE ALLOCATION REQUEST,resource allocation; allocation,8,resource allocation; radio resource
Resource Allocation Bugs,NodeB,NodeB,Technology,NodeB is a network element in UTRAN responsible for radio resource management. In the context of Performance<SEP>NodeB is a network resource used in UMTS networks for radio communication with user equipment. It is referenced as a possible target of measurement jobs.,chunk-fc489ba104c45a8bababb3a3f589cf65<SEP>chunk-7ee33769cbf0f6999192cb0d005cfb2b,../3GPP-trunked/Rel-19/32_series/32401-j00.md5.2<SEP>../3GPP-trunked/Rel-19/32_series/32401-j00.md5.4.1.1,1770195957,Rel-19/23_series/23289-j50/graph_chunk_entity_relation.graphml,Rel-19,NodeB,resource management; radio resource,8,radio resource; resource management
Resource Allocation Bugs,AS layer,AS layer,Technology,"Access Stratum layer is a technology layer in the 5G protocol stack responsible for handling radio resource management, mobility, and security functions between the UE and the network.",chunk-fc427379d638e871fbd80bf131bda182,../3GPP-trunked/Rel-19/23_series/23304-j30.mdNone,1770165874,Rel-19/23_series/23304-j30/graph_chunk_entity_relation.graphml,Rel-19,AS layer,resource management; radio resource,8,radio resource; resource management
Resource Allocation Bugs,Radio resource utilization,Radio resource utilization,Concept,Radio resource utilization is a concept defined in section 5.1.1.2 that refers to the efficiency and effectiveness of radio resources in a communication system. It is a key metric for evaluating system performance and resource management.)##,chunk-23fc6f0f34b6c822a4a84e18324e6964,../3GPP-trunked/Rel-19/28_series/28552-j30.md5.1.1.2,1770237121,Rel-19/28_series/28552-j30/graph_chunk_entity_relation.graphml,Rel-19,Radio resource utilization,resource management; radio resource,8,radio resource; resource management
Resource Allocation Bugs,Measurements for UE fulfilling low mobility criteria,Measurements for UE fulfilling low mobility criteria,Concept,Measurements for UE fulfilling low mobility criteria is a procedure defined in section 4.2.2.9.2 that applies to User Equipment (UE) meeting low mobility conditions. It involves specific measurement configurations for such UEs.<SEP>Measurements for UE fulfilling low mobility criteria is a procedure defined in section 4.2.2.10.2 that applies to User Equipment (UE) meeting low mobility conditions. It is related to radio resource management and signal measurement processes in a cellular network.<SEP>Measurements for UE fulfilling low mobility criteria is a procedure defined in section 4.2.2.11.2 that applies to User Equipment (UE) meeting low mobility conditions. It involves specific measurement configurations for such UEs.,chunk-3d588c203ef3c80e0c9b1a6209939527<SEP>chunk-7e657eb43175b0e6695a7083228ee6c2<SEP>chunk-a3e2859d54b24adca8b10010497e715e,../3GPP-trunked/Rel-19/38_series/38133-j00_cover.md4.2.2.9.2<SEP>../3GPP-trunked/Rel-19/38_series/38133-j00_cover.md4.2.2.10.2<SEP>../3GPP-trunked/Rel-19/38_series/38133-j00_cover.md4.2.2.11.2,1770217715,Rel-19/38_series/38133-j00_cover/graph_chunk_entity_relation.graphml,Rel-19,Measurements for UE fulfilling low mobility criteria,resource management; radio resource,8,radio resource; resource management
Resource Allocation Bugs,Intra-frequency SS-RSRP accuracy requirements,Intra-frequency SS-RSRP accuracy requirements,Concept,Intra-frequency SS-RSRP accuracy requirements are defined in section 10.1.2.1 and specify the accuracy standards for Signal Strength Reference Signal Received Power (SS-RSRP) measurements within the same frequency band.<SEP>Intra-frequency SS-RSRP accuracy requirements define the specified accuracy standards for Signal Strength Reference Signal Received Power (SS-RSRP) measurements within the same frequency band. These requirements are part of the technical specifications for radio resource management and are relevant to network performance evaluation and cell selection/reselection processes.)##,chunk-9e87da55b24b02702c916222203af50e<SEP>chunk-7c517e90a1f1acfd759de87f1a9920cc,../3GPP-trunked/Rel-19/38_series/38133-j00_s10-11.md10.1.2.1<SEP>../3GPP-trunked/Rel-19/38_series/38133-j00_s10-11.md10.1.3.1,1770224193,Rel-19/38_series/38133-j00_s10-11/graph_chunk_entity_relation.graphml,Rel-19,Intra-frequency SS-RSRP accuracy requirements,resource management; radio resource,8,radio resource; resource management
Resource Allocation Bugs,inter-frequency measurements,inter-frequency measurements,Concept,"Inter-frequency measurements are a type of RRM measurement performed by the UE across different frequency bands, used for mobility and radio resource management decisions in RRC_CONNECTED state.)##
(entity",chunk-2536fd5154cfa351897faf5b22ded610,../3GPP-trunked/Rel-19/38_series/38133-j00_s9-9.mdNone,1770228903,Rel-19/38_series/38133-j00_s9-9/graph_chunk_entity_relation.graphml,Rel-19,inter-frequency measurements,resource management; radio resource,8,radio resource; resource management
Resource Allocation Bugs,inter-RAT E-UTRAN FDD measurements,inter-RAT E-UTRAN FDD measurements,Concept,"Inter-RAT E-UTRAN FDD measurements are a type of RRM measurement performed by the UE across different radio access technologies, specifically between NR and E-UTRAN FDD, used for mobility and radio resource management decisions in RRC_CONNECTED state.",chunk-2536fd5154cfa351897faf5b22ded610,../3GPP-trunked/Rel-19/38_series/38133-j00_s9-9.mdNone,1770228903,Rel-19/38_series/38133-j00_s9-9/graph_chunk_entity_relation.graphml,Rel-19,inter-RAT E-UTRAN FDD measurements,resource management; radio resource,8,radio resource; resource management
Resource Allocation Bugs,inter-RAT E-UTRAN TDD measurements,inter-RAT E-UTRAN TDD measurements,Concept,"Inter-RAT E-UTRAN TDD measurements are a type of RRM measurement performed by the UE across different radio access technologies, specifically between NR and E-UTRAN TDD, used for mobility and radio resource management decisions in RRC_CONNECTED state.",chunk-2536fd5154cfa351897faf5b22ded610,../3GPP-trunked/Rel-19/38_series/38133-j00_s9-9.mdNone,1770228903,Rel-19/38_series/38133-j00_s9-9/graph_chunk_entity_relation.graphml,Rel-19,inter-RAT E-UTRAN TDD measurements,resource management; radio resource,8,radio resource; resource management
Resource Allocation Bugs,CSI-RS RRM Reference Measurement Channels,CSI-RS RRM Reference Measurement Channels,Concept,"CSI-RS RRM Reference Measurement Channels are reference configurations for Channel State Information Reference Signal (CSI-RS) used in TDD systems for radio resource management. These configurations are defined for different subcarrier spacings (SCS) and include parameters such as subcarrier spacing, number of PRBs, start PRB, density, CSI-RS index, slot configuration, associated SSB, SSB index, quasi-colocation status, first OFDM symbol in time domain, sequence generation configuration, number of ports, CDM type, and EPRE ratio to SSS.",chunk-6a40ccd411247f9caebea4b2ffe9cb0d,../3GPP-trunked/Rel-19/38_series/38133-j00_sA.1-A.3.md2,1770221007,Rel-19/38_series/38133-j00_sA.1-A.3/graph_chunk_entity_relation.graphml,Rel-19,CSI-RS RRM Reference Measurement Channels,resource management; radio resource,8,radio resource; resource management
Resource Allocation Bugs,RFSP Index,RFSP Index,Concept,RFSP Index is a parameter managed under access and mobility related policy control that influences radio resource management. The PC,chunk-c0fc4bed8f180ebac744a75a5efcc48f,../3GPP-trunked/Rel-19/23_series/23503-j30.md6.1.2.1.1,1770220042,Rel-19/38_series/38133-j00_sA.17-A.18/graph_chunk_entity_relation.graphml,Rel-19,RFSP Index,resource management; radio resource,8,radio resource; resource management
Resource Allocation Bugs,minimum radio resource management requirements,minimum radio resource management requirements,UNKNOWN,NR Integrated access and backhaul requires minimum radio resource management requirements as defined in the present document,chunk-7028e522134dc1478ff73a835cfbf2ee,../3GPP-trunked/Rel-19/38_series/38174-j00.md1,1770225812,Rel-19/38_series/38174-j00/graph_chunk_entity_relation.graphml,Rel-19,minimum radio resource management requirements,resource management; radio resource,8,radio resource; resource management
Resource Allocation Bugs,drx-Adaptation-r16,drx-Adaptation-r16,Technology,"drx-Adaptation-r16 is a feature related to DRX adaptation in NR UE capabilities, supported in both frequency ranges (FR1 and FR2) or only in one. If supported in both, it is signaled in UE-NR-Capability-v1610/mac-Parameters-v1610. If supported differently in both frequency ranges, it is signaled in UE-NR-Capability-v1610/fr1-Add-UE-NR-Capabilities-v1610/mac-ParametersFRX-Diff-r16 and UE-NR-Capability-v1610/fr2-Add-UE-NR-Capabilities-v1610/mac-ParametersFRX-Diff-r16. If supported in only one frequency range, it is signaled in one of UE-NR-Capability-v1610/fr1-Add-UE-NR-Capabilities-v1610 or UE-NR-Capability-v1610/fr2-Add-UE-NR-Capabilities-v1610 as appropriate.<SEP>drx-Adaptation-r16 is a feature related to discontinuous reception adaptation that is signaled in UE-NR-Capability-v1610/mac-Parameters-v1610 when supported in both FR1 and FR2, or in fr1-Add-UE-NR-Capabilities-v1610/mac-ParametersFRX-Diff-r16 and fr<SEP>drx-Adaptation-r16 is a feature in release 16 that enables dynamic radio resource management by adapting DRX (Discontinuous Reception) behavior, with a condition that either sharedSpectrumChAccess-r16 or non-SharedSpectrumChAccess-r16 must be reported when this field is reported.<SEP>drx-Adaptation-r16 is a feature supported by the UE that enables dynamic radio resource management adaptation, and its support is signaled in UE-NR-Capability-v1610/fr1-Add-UE-NR-Capabilities-v1610/mac-ParametersFRX-Diff-r16 or UE-NR-Capability-v1610/fr2-Add-UE-NR-Capabilities-v1610/mac-ParametersFRX-Diff-r16 depending on the frequency range(s) supported by the UE.",chunk-d20abeb395b1bd4e66c0efc7274daf4e<SEP>chunk-1801d13211a3808395fe9d0ad7ae6082<SEP>chunk-b8da6b1b84a2d0537f91f5b9b9321bf3<SEP>chunk-bb44585977540fedf07b46335df6c77c,../3GPP-trunked/Rel-19/38_series/38523-1-j00_s0815-s08161.md8.1.5.1.1.3.3,1770225852,Rel-19/38_series/38174-j00/graph_chunk_entity_relation.graphml,Rel-19,drx-Adaptation-r16,resource management; radio resource,8,radio resource; resource management
Resource Allocation Bugs,pc_rrm_RelaxationRRC_ConnectedRedCap_r17,pc_rrm_RelaxationRRC_ConnectedRedCap_r17,Concept,"pc_rrm_RelaxationRRC_ConnectedRedCap_r17 is a parameter or configuration related to RRM (Radio Resource Management) relaxation for RRC-connected RedCap (Reduced Capability) devices in Release 17, as defined in the context of LTE and NR dual connectivity.",chunk-1aa6536ca5625fa366dad6939c2d4481,../3GPP-trunked/Rel-19/38_series/38523-1-j00_s0815-s08161.md8.1.5.1.1.3.3,1770224782,Rel-19/38_series/38523-1-j00_s070115-s07014/graph_chunk_entity_relation.graphml,Rel-19,pc_rrm_RelaxationRRC_ConnectedRedCap_r17,resource management; radio resource,8,radio resource; resource management
Resource Allocation Bugs,ng-eNB,ng-eNB,Technology,"ng-eNB is a next-generation evolved Node B, a network element in 5G NR that manages radio resources and communicates with UEs, AMFs, and neighboring NG-RAN nodes.",chunk-5d0af1455f55a9be70a74fa43c8ded6f,../3GPP-trunked/Rel-19/32_series/32423-j20.md4.33,1770200442,Rel-19/22_series/22137-j10/graph_chunk_entity_relation.graphml,Rel-19,ng-eNB,radio resource,4,radio resource
Resource Allocation Bugs,RANAP,RANAP,Technology,"RANAP is a radio access network application protocol used in UMTS networks for managing radio resources and mobility, defined in TS 25.413. It supports procedures such as RAB assignment, relocation, paging, and error indication, and includes parameters like RAB ID, Cause, and Identity fields.",chunk-b68b1449c05b918c615b607703833122,../3GPP-trunked/Rel-19/32_series/32423-j20.md4.2,1770199845,Rel-19/22_series/22840-j00/graph_chunk_entity_relation.graphml,Rel-19,RANAP,radio resource,4,radio resource
Resource Allocation Bugs,RRC,RRC,Technology,"RRC (Radio Resource Control) is a protocol layer in LTE that manages radio resources and signaling between the UE and the network, operating over the Uu interface.<SEP>RRC is the Radio Resource Control protocol used for signaling between the UE and eNB over the Uu interface. It manages connection setup, maintenance, and release, and is involved in trace recording sessions with both dedicated and non-dedicated measurements",chunk-4487483e384352de7113c87b53f8c00e<SEP>chunk-d49a372292f47db9aab0f78e5c36b5bc,../3GPP-trunked/Rel-19/32_series/32423-j20.md4.13,1770200081,Rel-19/22_series/22856-j20/graph_chunk_entity_relation.graphml,Rel-19,RRC,radio resource,4,radio resource
Resource Allocation Bugs,Fully pooled radio resources between two POPs,Fully pooled radio resources between two POPs,Concept,"Fully pooled radio resources between two POPs is a use case where cells are shared between POP A and POP B, with radio resources of the S-RAN fully pooled and UEs from both POP A and POP B served in a first come first served mode, as agreed in the RAN sharing agreement between MOP and POPs.",chunk-3e55e30e677e3f7612b93056fd9d6fd4,../3GPP-trunked/Rel-19/32_series/32130-j00.md5.4.1,1770200084,Rel-19/22_series/22856-j20/graph_chunk_entity_relation.graphml,Rel-19,Fully pooled radio resources between two POPs,radio resource,4,radio resource
Resource Allocation Bugs,Iur,Iur,Technology,"Iur is a logical interface in UTRAN connecting two RNCs, enabling handover and resource management between neighboring RNCs. It is used in trace recording sessions to capture RNSAP messages between the traced RNC and a neighboring RNC.",chunk-64b3aecf257bc5018ec34d263de5bfe4,../3GPP-trunked/Rel-19/32_series/32423-j20.md4.6,1770199955,Rel-19/22_series/22865-j20/graph_chunk_entity_relation.graphml,Rel-19,Iur,resource management,4,resource management
