fault_query,matched_terms,entity_id,entity_type,description,related_entity,related_description,edge_description,edge_keywords,conditions,source_id,file_path
Jamming,interference mitigation,D1T1-B,Application,"D1T1-B is a deployment scenario where the carrier-wave source is separately deployed from the D2R receiver, relying on spatial isolation and interference mitigation techniques such as RF cancellation and high-pass filtering. It supports wired connection between the base station and carrier-wave node, enabling synchronization.",,,,,,chunk-bc096626f85d63ac4a4bad15f656e7d2,../3GPP-trunked/Rel-19/38_series/38769-j00.md2
Antenna Failure,antenna,Directional beams,Concept,"Directional beams are formed using multiple antenna elements and are used in both common channels for initial access and in RRC_CONNECTED state. Each directional beam is associated with a synchronization signal block (SSB) and is designed to cover specific directions within a cell's coverage area, as illustrated in Figure 5.1.1.1-1.",,,,,,chunk-d15ae6e3068dd5c2b7c9b9440e7ccb5c,../3GPP-trunked/Rel-19/28_series/28866-j00.md5.1.1.1
Antenna Failure,antenna,Carrier power,Concept,"Carrier power is the power at the antenna connector in the channel bandwidth of the carrier, averaged over at least one subframe for NR or E-UTRA, at least one slot for UTRA, and the useful part of the burst for GSM/EDGE.",,,,,,chunk-8ec859a261ddbc6f9ec29fde8465ee41,../3GPP-trunked/Rel-19/37_series/37104-j00.md3.1
Antenna Failure,antenna; antenna system,AAS BS,Concept,"AAS BS refers to an Advanced Antenna System Base Station, which is a type of base station that supports advanced antenna technologies. It is categorized into two types: hybrid AAS BS and OTA AAS BS, based on their interface types.",transmitter OFF period,Transmitter OFF period is the time interval during which the transmitter is scheduled not to transmit data or signals.,time period during which the transmitter is scheduled not to transmit,Condition,,chunk-577759f1cf0755d332a2137226881f1d,../3GPP-trunked/Rel-19/37_series/37105-j00.md3.1
Antenna Failure,antenna; antenna system,AAS BS,Concept,"AAS BS refers to an Advanced Antenna System Base Station, which is a type of base station that supports advanced antenna technologies. It is categorized into two types: hybrid AAS BS and OTA AAS BS, based on their interface types.",transmitter ON period,Transmitter ON period is the time interval during which the transmitter is actively transmitting data and/or reference symbols.,time period during which the transmitter is transmitting data and/or reference symbols,Condition,,chunk-577759f1cf0755d332a2137226881f1d,../3GPP-trunked/Rel-19/37_series/37105-j00.md3.1
Antenna Failure,antenna; antenna system,AAS BS receiver,Technology,AAS BS receiver is a composite receiver function of an Active Antenna System Base Station that receives signals within an operating band.,,,,,,chunk-161a0abb20e459f2b39ce5aa7439b058,../3GPP-trunked/Rel-19/37_series/37145-2-j00.md3.1
Antenna Failure,antenna; antenna system,active antenna system base station,Technology,"Active antenna system base station is a base station system that integrates an Antenna Array, an Active transceiver unit array, and a Radio Distribution Network.",,,,,,chunk-161a0abb20e459f2b39ce5aa7439b058,../3GPP-trunked/Rel-19/37_series/37145-2-j00.md3.1
Antenna Failure,antenna,radio distribution network,Concept,"A radio distribution network is a linear passive network that distributes RF power generated by the transceiver unit array to the antenna array, and/or distributes radio signals collected by the antenna array to the transceiver unit array.",,,,,,chunk-db42c7ef13523b2a5c600dac1590e03a,../3GPP-trunked/Rel-19/37_series/37105-j00.md3.1
Antenna Failure,antenna,transceiver array boundary,Concept,Transceiver array boundary is the conducted interface between the transceiver unit array and the composite antenna.,normal operating conditions,,Transmit configurations are specified at the transceiver array boundary at the TAB connector(s) as defined in clause 6 of the present document,Condition,,chunk-8b77114f2078938b529ce71117dbb01c,../3GPP-trunked/Rel-19/38_series/38141-1-j00.md4.5.2.1
Antenna Failure,antenna,transceiver array boundary,Concept,Transceiver array boundary is the conducted interface between the transceiver unit array and the composite antenna.,Transmit configurations,"Transmit configurations refer to the setup and specifications for signal transmission in Type 1-H, defined in section 4.5.2.1, and are evaluated at the transceiver array boundary at the TAB connector(s) under normal operating conditions.",Transmit configurations are specified at the transceiver array boundary at the TAB connector(s) as defined in clause 6 of the present document,locate_at,"[""normal operating conditions""]",chunk-8b77114f2078938b529ce71117dbb01c,../3GPP-trunked/Rel-19/38_series/38141-1-j00.md4.5.2.1
Antenna Failure,antenna; antenna system,conducted test methods,Concept,"Conducted test methods are specified in the present document for single RAT E-UTRA operation, single RAT UTRA operation (FDD and TDD), and Multi-Standard Radio (MSR) UTRA, E-UTRA, and NR Active Antenna System (AAS) Base Station (BS). These methods are derived from and consistent with non-AAS BS specifications in TS 25.104 [2], TS 25.105 [3], TS 36.104 [4], TS 38.104 [36], or TS 37.104 [5].",,,,,,chunk-f4c80e2384bb02b606e694ec4411c18a,../3GPP-trunked/Rel-19/37_series/37145-1-j00.md1
Antenna Failure,antenna; antenna system,conformance requirements,Concept,"Conformance requirements are specified in the present document for single RAT E-UTRA operation, single RAT UTRA operation (FDD and TDD), and Multi-Standard Radio (MSR) UTRA, E-UTRA, and NR Active Antenna System (AAS) Base Station (BS). These requirements are derived from and consistent with non-AAS BS specifications in TS 25.104 [2], TS 25",REF,Clause 5.2.3.2.2 of 3GPP TS 29.5,TS 38.104 [2],Reference,,chunk-0f595be48d3acba9ba5bfcb151e53c27,../3GPP-trunked/Rel-19/38_series/38141-1-j00.md1
Antenna Failure,antenna; antenna system,conformance requirements,Concept,"Conformance requirements are specified in the present document for single RAT E-UTRA operation, single RAT UTRA operation (FDD and TDD), and Multi-Standard Radio (MSR) UTRA, E-UTRA, and NR Active Antenna System (AAS) Base Station (BS). These requirements are derived from and consistent with non-AAS BS specifications in TS 25.104 [2], TS 25",REF,Clause 5.2.3.2.2 of 3GPP TS 29.5,TS 38.104 [2],Reference,,chunk-2d761ca3641320f2bddfad5e4ee553f0,../3GPP-trunked/Rel-19/38_series/38141-2-j00.mdNone
Antenna Failure,antenna; antenna system,conformance requirements,Concept,"Conformance requirements are specified in the present document for single RAT E-UTRA operation, single RAT UTRA operation (FDD and TDD), and Multi-Standard Radio (MSR) UTRA, E-UTRA, and NR Active Antenna System (AAS) Base Station (BS). These requirements are derived from and consistent with non-AAS BS specifications in TS 25.104 [2], TS 25",REF,Clause 5.2.3.2.2 of 3GPP TS 29.5,TS 38.331 subclause 5.8.8,Reference,,chunk-b4aca0be3f1decaa5557eefcea27c82d,../3GPP-trunked/Rel-19/38_series/38523-1-j00_s12-s14.md12.1.1.1.2
Antenna Failure,antenna; antenna system,conformance requirements,Concept,"Conformance requirements are specified in the present document for single RAT E-UTRA operation, single RAT UTRA operation (FDD and TDD), and Multi-Standard Radio (MSR) UTRA, E-UTRA, and NR Active Antenna System (AAS) Base Station (BS). These requirements are derived from and consistent with non-AAS BS specifications in TS 25.104 [2], TS 25",release,,Conformance requirements vary between different releases of core specifications,differ,"[""core specifications""]",chunk-2c45e697ca88b93c4791cc40ea551b08,../3GPP-trunked/Rel-19/38_series/38523-1-j00_cover.md4.4
Antenna Failure,antenna; antenna system,conformance requirements,Concept,"Conformance requirements are specified in the present document for single RAT E-UTRA operation, single RAT UTRA operation (FDD and TDD), and Multi-Standard Radio (MSR) UTRA, E-UTRA, and NR Active Antenna System (AAS) Base Station (BS). These requirements are derived from and consistent with non-AAS BS specifications in TS 25.104 [2], TS 25",Handling of differences,Handling of differences refers to the process or method used to manage discrepancies in conformance requirements across different releases of core specifications.,Handling of differences manages discrepancies in conformance requirements across different releases,manage,"[""core specifications""]",chunk-2c45e697ca88b93c4791cc40ea551b08,../3GPP-trunked/Rel-19/38_series/38523-1-j00_cover.md4.4
Antenna Failure,antenna; antenna system,conformance requirements,Concept,"Conformance requirements are specified in the present document for single RAT E-UTRA operation, single RAT UTRA operation (FDD and TDD), and Multi-Standard Radio (MSR) UTRA, E-UTRA, and NR Active Antenna System (AAS) Base Station (BS). These requirements are derived from and consistent with non-AAS BS specifications in TS 25.104 [2], TS 25",core specifications,"Core specifications are foundational documents that define the technical standards and requirements for a system, particularly in telecommunications. They evolve across releases, leading to variations in conformance requirements.<SEP>Handling of differences applies to differences between releases of core specifications",Conformance requirements vary between different releases of core specifications,Condition,,chunk-2c45e697ca88b93c4791cc40ea551b08,../3GPP-trunked/Rel-19/38_series/38523-1-j00_cover.md4.4
Antenna Failure,antenna; antenna system,Active Antenna System (AAS) Base Station (BS),Technology,Active,,,,,,chunk-f4c80e2384bb02b606e694ec4411c18a,../3GPP-trunked/Rel-19/37_series/37145-1-j00.md1
Antenna Failure,antenna,receiver RF requirements,UNKNOWN,"For ATG UE with multiple omni-directional antennas not indicating the capability antennaArrayType-r18, the receiver RF requirements are defined on top of each antenna connector<SEP>For ATG UE with antenna array indicating the capability antennaArrayType-r18, the receiver RF requirements are defined on top of each TAB connector",DEF,"The Support Team is responsible for the management of the work of the TSGs, including editorship and management of specifications under TSG change control, preparation and support for meetings (including meeting reports) of TSGs, their Working Groups, and subgroups, in descending priority, and liaison with other bodies and relevant groups and institutions.","For ATG UE with multiple omni-directional antennas not indicating the capability antennaArrayType-r18, the receiver RF requirements are defined on top of each antenna connector<SEP>For ATG UE with antenna array indicating the capability antennaArrayType-r18, the receiver RF requirements are defined on top of each TAB connector",Definition,"[""ATG UE""]",chunk-6f1a1c17b7f122ee79898d1320c94163,../3GPP-trunked/Rel-19/38_series/38101-1-j10_s07-XX.md7.1
Antenna Failure,antenna,receiver RF requirements,UNKNOWN,"For ATG UE with multiple omni-directional antennas not indicating the capability antennaArrayType-r18, the receiver RF requirements are defined on top of each antenna connector<SEP>For ATG UE with antenna array indicating the capability antennaArrayType-r18, the receiver RF requirements are defined on top of each TAB connector",ATG UE,"For ATG UE with multiple omni-directional antennas not indicating the capability antennaArrayType-r18, the receiver RF requirements are defined on top of each antenna connector","For ATG UE with multiple omni-directional antennas not indicating the capability antennaArrayType-r18, the receiver RF requirements are defined on top of each antenna connector",Condition,,chunk-6f1a1c17b7f122ee79898d1320c94163,../3GPP-trunked/Rel-19/38_series/38101-1-j10_s07-XX.md7.1
Antenna Failure,antenna,ATG UE,UNKNOWN,"For ATG UE with multiple omni-directional antennas not indicating the capability antennaArrayType-r18, the receiver RF requirements are defined on top of each antenna connector",receiver RF requirements,"For ATG UE with multiple omni-directional antennas not indicating the capability antennaArrayType-r18, the receiver RF requirements are defined on top of each antenna connector<SEP>For ATG UE with antenna array indicating the capability antennaArrayType-r18, the receiver RF requirements are defined on top of each TAB connector","For ATG UE with multiple omni-directional antennas not indicating the capability antennaArrayType-r18, the receiver RF requirements are defined on top of each antenna connector",Condition,,chunk-6f1a1c17b7f122ee79898d1320c94163,../3GPP-trunked/Rel-19/38_series/38101-1-j10_s07-XX.md7.1
Antenna Failure,antenna,CFO correction,Concept,"CFO correction is a process performed on a slot-by-slot basis to adjust for carrier frequency offset, using a common frequency correction applied to both antenna outputs.",,,,,,chunk-263a496daaae4e282d13c61a7f83f4ab,../3GPP-trunked/Rel-19/38_series/38101-1-j10_sAnnexes.md3
Antenna Failure,antenna,antenna outputs,Terminology,,,,,,,chunk-263a496daaae4e282d13c61a7f83f4ab,../3GPP-trunked/Rel-19/38_series/38101-1-j10_sAnnexes.md3
Antenna Failure,antenna,co-location reference antenna,Concept,co-location reference antenna is a passive antenna used as a reference for co-location requirements.,REF,Clause 5.2.3.2.2 of 3GPP TS 29.5,clause 4.9,Reference,,chunk-c23b16204db96443579bd5a44c7c7c5a,../3GPP-trunked/Rel-19/38_series/38104-j00.md4.3.3
Antenna Failure,antenna,minimum mechanical down tilt,Concept,Minimum mechanical down tilt is the smallest angle at which the antenna,,,,,,chunk-70947939508fa52275c478817bc5ed32,../3GPP-trunked/Rel-19/38_series/38141-2-j00.md4.6
Antenna Failure,antenna,maximum electrical steering range,Concept,Maximum electrical steering range is the largest angular range over which the beam direction of a Base Station antenna can be electronically adjusted without mechanical movement.,,,,,,chunk-70947939508fa52275c478817bc5ed32,../3GPP-trunked/Rel-19/38_series/38141-2-j00.md4.6
Antenna Failure,antenna,increased mechanical down tilt,Concept,"Increased mechanical down tilt is the adjusted mechanical tilt angle of a Base Station antenna that is declared when the maximum electrical steering range is used, to compensate for the lack of simultaneous support with minimum mechanical down tilt.",,,,,,chunk-70947939508fa52275c478817bc5ed32,../3GPP-trunked/Rel-19/38_series/38141-2-j00.md4.6
Antenna Failure,antenna,mechanical tilt for EEIRP,Concept,"Mechanical tilt for EEIRP (Effective Isotropic Radiated Power) refers to the physical adjustment of an antenna's angle to control signal coverage, declared together with D",,,,,,chunk-e19fe0c49e812b45cf4c341ad8b001de,../3GPP-trunked/Rel-19/38_series/38141-2-j00.md4.6
Antenna Failure,antenna,Conducted Requirements,Concept,"Conducted Requirements are defined at individual or groups of TAB connectors at the transceiver array boundary, representing the conducted interface between the transceiver unit array and the composite antenna.",,,,,,chunk-5ef4fabfa4bd228d78e7b96b457b010a,../3GPP-trunked/Rel-19/38_series/38176-1-j00.md4.2.1
Antenna Failure,antenna,Composite Antenna,Technology,"Composite Antenna contains a radio distribution network (RDN) and an antenna array. The RDN is a linear passive network that distributes RF power from the transceiver unit array to the antenna array, or distributes received signals from the antenna array to the transceiver unit array in an implementation-specific manner.",,,,,,chunk-5ef4fabfa4bd228d78e7b96b457b010a,../3GPP-trunked/Rel-19/38_series/38176-1-j00.md4.2.1
Antenna Failure,antenna,Radio Distribution Network,Technology,"Radio Distribution Network (RDN) is a linear passive network within the composite antenna that facilitates the distribution of RF power from the transceiver unit array to the antenna array, or the reverse for received signals, in an implementation-specific way.",,,,,,chunk-5ef4fabfa4bd228d78e7b96b457b010a,../3GPP-trunked/Rel-19/38_series/38176-1-j00.md4.2.1
Antenna Failure,antenna,Antenna Array,Technology,"Antenna Array is a component of the composite antenna that receives or transmits radio signals, working in conjunction with the radio distribution network to enable",,,,,,chunk-5ef4fabfa4bd228d78e7b96b457b010a,../3GPP-trunked/Rel-19/38_series/38176-1-j00.md4.2.1
Antenna Failure,antenna,PUSCH,Technology,"PUSCH is a physical uplink shared channel used for transmitting data from the UE to the base station, evaluated under single antenna port and fading channel conditions with a maximum test system uncertainty of ±0.6 dB.",,,,,,chunk-cc3d0292af6d2d0c5c6d1c2a8b40c763,../3GPP-trunked/Rel-19/38_series/38176-1-j00.md4.1.2.4
Antenna Failure,antenna,PUCCH,Technology,"PUCCH is a physical uplink control channel used for transmitting control information from the UE to the base station, evaluated under single antenna port and fading channel conditions with a maximum test system uncertainty of ±0.6 dB.",,,,,,chunk-cc3d0292af6d2d0c5c6d1c2a8b40c763,../3GPP-trunked/Rel-19/38_series/38176-1-j00.md4.1.2.4
Antenna Failure,antenna,PRACH,Technology,"PRACH is a physical random access channel used for initial access by the UE, evaluated under single antenna port and AWGN conditions",,,,,,chunk-cc3d0292af6d2d0c5c6d1c2a8b40c763,../3GPP-trunked/Rel-19/38_series/38176-1-j00.md4.1.2.4
Antenna Failure,antenna,transmitter characteristics,Concept,"Transmitter characteristics are specified at the antenna connector(s) of the UE for bands operating on frequency range 1, and over the air of the UE for bands operating on frequency range 2. These characteristics are verified separately for frequency range 1 and frequency range 2.",DEF,"The Support Team is responsible for the management of the work of the TSGs, including editorship and management of specifications under TSG change control, preparation and support for meetings (including meeting reports) of TSGs, their Working Groups, and subgroups, in descending priority, and liaison with other bodies and relevant groups and institutions.","Transmitter characteristics are specified at the BS antenna connector (test port A) with a full complement of transceivers under normal operating conditions. If external apparatus such as a TX amplifier, a filter, or their combination is used, requirements apply at the far end antenna connector (test port B).",Definition,"[""normal operating conditions"", ""external apparatus""]",chunk-b2b6f997dd5643fb931cdb91d839a76f,../3GPP-trunked/Rel-19/38_series/38141-1-j00.md4.5.1.1.1
Antenna Failure,antenna,transmitter characteristics,Concept,"Transmitter characteristics are specified at the antenna connector(s) of the UE for bands operating on frequency range 1, and over the air of the UE for bands operating on frequency range 2. These characteristics are verified separately for frequency range 1 and frequency range 2.",REF,Clause 5.2.3.2.2 of 3GPP TS 29.5,clause 6,Reference,,chunk-b2b6f997dd5643fb931cdb91d839a76f,../3GPP-trunked/Rel-19/38_series/38141-1-j00.md4.5.1.1.1
Antenna Failure,antenna,transmitter characteristics,Concept,"Transmitter characteristics are specified at the antenna connector(s) of the UE for bands operating on frequency range 1, and over the air of the UE for bands operating on frequency range 2. These characteristics are verified separately for frequency range 1 and frequency range 2.",external apparatus,,Transmitter characteristics requirements apply at test port B when external apparatus such as TX amplifier or filter is used,Condition,,chunk-b2b6f997dd5643fb931cdb91d839a76f,../3GPP-trunked/Rel-19/38_series/38141-1-j00.md4.5.1.1.1
Antenna Failure,antenna,transmitter characteristics,Concept,"Transmitter characteristics are specified at the antenna connector(s) of the UE for bands operating on frequency range 1, and over the air of the UE for bands operating on frequency range 2. These characteristics are verified separately for frequency range 1 and frequency range 2.",normal operating conditions,,Transmitter characteristics are specified at test port A under normal operating conditions with full complement of transceivers,Condition,,chunk-b2b6f997dd5643fb931cdb91d839a76f,../3GPP-trunked/Rel-19/38_series/38141-1-j00.md4.5.1.1.1
Antenna Failure,antenna,transmitter characteristics,Concept,"Transmitter characteristics are specified at the antenna connector(s) of the UE for bands operating on frequency range 1, and over the air of the UE for bands operating on frequency range 2. These characteristics are verified separately for frequency range 1 and frequency range 2.",test port A,,Transmitter characteristics are specified at test port A under normal operating conditions with full complement of transceivers,specify_at,"[""normal operating conditions""]",chunk-b2b6f997dd5643fb931cdb91d839a76f,../3GPP-trunked/Rel-19/38_series/38141-1-j00.md4.5.1.1.1
Antenna Failure,antenna,transmitter characteristics,Concept,"Transmitter characteristics are specified at the antenna connector(s) of the UE for bands operating on frequency range 1, and over the air of the UE for bands operating on frequency range 2. These characteristics are verified separately for frequency range 1 and frequency range 2.",test port B,test port B is the far end antenna connector where transmitter requirements apply when external apparatus such as a TX amplifier or filter is used.<SEP>test port B is the far end antenna connector where receiver requirements apply when external apparatus such as a RX amplifier or filter is used.,Transmitter characteristics requirements apply at test port B when external apparatus such as TX amplifier or filter is used,apply_at,"[""external apparatus""]",chunk-b2b6f997dd5643fb931cdb91d839a76f,../3GPP-trunked/Rel-19/38_series/38141-1-j00.md4.5.1.1.1
Antenna Failure,antenna,frequency range 1,Concept,Frequency range 1 refers to a band configuration where transmitter characteristics are specified at the antenna connector(s) of the UE. Requirements for this range can be verified with NR FR2 link disabled.,,,,,,chunk-dc6a5817c109359837894569af788149,../3GPP-trunked/Rel-19/38_series/38101-3-j10_s06-XX.md6.1
Antenna Failure,antenna,inter-band EN-DC,Concept,"inter-band EN-DC is a configuration where E-UTRA and NR operate in different frequency bands with different carrier frequencies. It supports uplink switching mechanisms specified in sub-clause 6.1.6 of TS 38.214 [14], and requires the UE to support switching between single layer transmission with one antenna port and two-layer transmission with two antenna ports on the uplink carriers.<SEP>inter-band EN-DC refers to a dual connectivity scenario where E-UTRA and NR operate on different frequency bands, requiring specific switching time and power dynamics handling for UL transmission.",,,,,,chunk-1bdb8aa440d9714d6103fd491f2c688a<SEP>chunk-fff659fd8dc6be689ab95f6905d623b2,../3GPP-trunked/Rel-19/38_series/38101-3-j10_s06-XX.md6.3
Antenna Failure,antenna,est Procedures for Antennas,Document,est Procedures for Antennas is a document published by IEEE that contains procedures related to antennas.,REF,Clause 5.2.3.2.2 of 3GPP TS 29.5,3 Definitions)##,Reference,,chunk-f8608122158cb2e6e740f18a9a56219b,../3GPP-trunked/Rel-19/38_series/38101-5-j00.mdNone
Antenna Failure,antenna,Co-polarized transmission,Concept,Co-polarized transmission occurs when the DUT transmission antenna polarization is aligned with the test antenna polarization.,,,,,,chunk-60b5c2f4b106c89b2625a3583718ea42,../3GPP-trunked/Rel-19/38_series/38101-5-j00.mdNone
Antenna Failure,antenna,Cross-polarized transmission,Concept,Cross-polarized transmission occurs when the DUT transmission antenna polarization is oriented such that an incident wave from the DUT results in the lowest available power at the test antenna.,,,,,,chunk-60b5c2f4b106c89b2625a3583718ea42,../3GPP-trunked/Rel-19/38_series/38101-5-j00.mdNone
Antenna Failure,antenna,antenna connector,Terminology,antenna connector is the connector at the conducted interface of the BS type 1-C.,,,,,,chunk-84a02a30e5cffd18d68ef7e86e185efd,../3GPP-trunked/Rel-19/38_series/38104-j00.md3.1
Antenna Failure,antenna,BS type 1-C,Technology,"BS type 1-C is a base station configuration where requirements are applied at the BS antenna connector (port A) for a single transmitter or receiver, or at the full complement of transceivers under normal operating conditions. If external apparatus such as amplifiers, filters, or their combination are used, the requirements apply at the far end antenna connector (port B).<SEP>BS type 1-C is a base station type in Japan whose emission limits may apply to the sum of emission power over all antenna connectors for Band n41 and Band n90 operations.",DEF,"The Support Team is responsible for the management of the work of the TSGs, including editorship and management of specifications under TSG change control, preparation and support for meetings (including meeting reports) of TSGs, their Working Groups, and subgroups, in descending priority, and liaison with other bodies and relevant groups and institutions.","For BS type 1-C, the requirements are applied at the BS antenna connector (port A) for a single transmitter or receiver with a full complement of transceivers for the configuration in normal operating conditions. If any external apparatus such as an amplifier, a filter or the combination of such devices is used, requirements apply at the far end antenna connector (port B).",Definition,"[""normal operating conditions""]",chunk-6a9155c687b93ecbea681139292bc065,../3GPP-trunked/Rel-19/38_series/38104-j00.md4.3.1
Antenna Failure,antenna,BS type 1-C,Technology,"BS type 1-C is a base station configuration where requirements are applied at the BS antenna connector (port A) for a single transmitter or receiver, or at the full complement of transceivers under normal operating conditions. If external apparatus such as amplifiers, filters, or their combination are used, the requirements apply at the far end antenna connector (port B).<SEP>BS type 1-C is a base station type in Japan whose emission limits may apply to the sum of emission power over all antenna connectors for Band n41 and Band n90 operations.",normal operating conditions,,"For BS type 1-C, the requirements are applied at the BS antenna connector (port A) for a single transmitter or receiver with a full complement of transceivers for the configuration in normal operating conditions. If any external apparatus such as an amplifier, a filter or the combination of such devices is used, requirements apply at the far end antenna connector (port B).",Condition,,chunk-6a9155c687b93ecbea681139292bc065,../3GPP-trunked/Rel-19/38_series/38104-j00.md4.3.1
Antenna Failure,antenna,BS type 1-C,Technology,"BS type 1-C is a base station configuration where requirements are applied at the BS antenna connector (port A) for a single transmitter or receiver, or at the full complement of transceivers under normal operating conditions. If external apparatus such as amplifiers, filters, or their combination are used, the requirements apply at the far end antenna connector (port B).<SEP>BS type 1-C is a base station type in Japan whose emission limits may apply to the sum of emission power over all antenna connectors for Band n41 and Band n90 operations.",HAPS BS class,"HAPS BS class is defined for BS type 1-C and 1-H and refers to Wide Area BS class unless otherwise stated, which is specified in clause 4.3.","HAPS BS class is defined as the Wide Area BS class specified in clause 4.3, unless otherwise stated",Condition,,chunk-3f16efe1f3d8b0a92021d26db5074eef,../3GPP-trunked/Rel-19/38_series/38141-1-j00.md4.3
Antenna Failure,antenna,composite antenna,Technology,"The composite antenna consists of a radio distribution network (RDN) and an antenna array. The RDN is a linear passive network that distributes RF power from the transceiver unit array to the antenna array, or distributes received radio signals from the antenna array to the transceiver unit array, in an implementation-specific manner.",,,,,,chunk-20d9959e3fd97c66f412c120803eb5de,../3GPP-trunked/Rel-19/38_series/38104-j00.md4.3.2
Antenna Failure,antenna,OTA base station output power,Technology,"OTA base station output power refers to the radiated output power measured at the antenna port, subject to regional limits in specific bands and regions.)##
(entity",,,,,,chunk-fdfc2082b8d5d3c4e5aedf928b08cea4,../3GPP-trunked/Rel-19/38_series/38104-j00.md4.5
Antenna Failure,antenna,Band n41,Technology,"Band n41 is a specific frequency band used for NR operation, subject to additional regulatory requirements in Japan, including absolute ACLR limits and operating band unwanted emissions limits.<SEP>Band n41 is a frequency band used for wireless communication in Japan, where the emission limits for BS type 1-C may apply to the sum of emission power over all antenna connectors.",,,,,,chunk-07f807123a347fd4aff6989a554b6bed<SEP>chunk-fdfc2082b8d5d3c4e5aedf928b08cea4,../3GPP-trunked/Rel-19/38_series/38104-j00.md4.5
Antenna Failure,antenna,Band n90,Technology,"Band n90 is a specific frequency band used for NR operation, subject to additional regulatory requirements in Japan, including output power limits, absolute ACLR limits, and operating band unwanted emissions limits.<SEP>Band n90 is a frequency band used for wireless communication in Japan, where the emission limits for BS type 1-C may apply to the sum of emission power over all antenna connectors.",,,,,,chunk-07f807123a347fd4aff6989a554b6bed<SEP>chunk-fdfc2082b8d5d3c4e5aedf928b08cea4,../3GPP-trunked/Rel-19/38_series/38104-j00.md4.5
Antenna Failure,antenna; antenna system,RIB,Technology,A RIB (Radio Interface Board) is a component in BS type 1-O that interfaces with the antenna system and supports either single-band or multi-band operation.,Repeate,"Repeate is a procedure defined in section 4.3 of the document, intended to be applied for the purpose of repeating a specific operation or process. It is associated with the RIB (Resource Information Base) and may involve data or signal retransmission.",The Repeate procedure utilizes the RIB for managing or accessing resource information during its execution.)##,use,,chunk-821d2854d61354c62eac2fe7a968089f,../3GPP-trunked/Rel-19/38_series/38106-j00.md4.3
Antenna Failure,antenna; antenna system,RIB,Technology,A RIB (Radio Interface Board) is a component in BS type 1-O that interfaces with the antenna system and supports either single-band or multi-band operation.,Transmit configurations,"Transmit configurations refer to the setup and specifications for signal transmission in Type 1-H, defined in section 4.5.2.1, and are evaluated at the transceiver array boundary at the TAB connector(s) under normal operating conditions.",Transmit,measure at,,chunk-a87d279fcdef096f9a683fd2dc284e99,../3GPP-trunked/Rel-19/38_series/38141-2-j00.md4.5.1
Antenna Failure,antenna,OTA co-location requirements,Concept,"OTA co-location requirements are technical specifications that ensure minimal interference between two co-located base station systems, specifically BS type 1-O and a co-location reference antenna. These requirements are based on the power at the conducted interface of the reference antenna and apply to both uplink and downlink signals.",,,,,,chunk-118e8bed3ea96ac25a73791846ebea74,../3GPP-trunked/Rel-19/38_series/38104-j00.md4.9
Antenna Failure,antenna,Antenna connector,Terminology,,,,,,,chunk-0bf7c3dc753522e6404059939cd15d0c,../3GPP-trunked/Rel-19/38_series/38106-j00.mdNone
Antenna Failure,antenna,Maximum passband output power,Concept,Maximum passband output power is the mean power level measured per passband at the antenna connector during the transmitter ON state under a specified reference condition.,,,,,,chunk-0bf7c3dc753522e6404059939cd15d0c,../3GPP-trunked/Rel-19/38_series/38106-j00.mdNone
Antenna Failure,antenna,RF repeater type 1-C,Technology,"RF repeater type 1-C is a repeater operating at FR1 with a requirement set consisting only of conducted requirements defined at individual antenna connectors.<SEP>RF repeater type 1-C is a specific type of repeater used in downlink configurations, associated with the definition of downlink repeater classes including Wide Area, Medium Range, and Local Area repeaters.<SEP>RF repeater type 1-C is a specific type of repeater used in uplink and downlink configurations, and it is associated with uplink and downlink repeater classes as defined in the specification.",DEF,"The Support Team is responsible for the management of the work of the TSGs, including editorship and management of specifications under TSG change control, preparation and support for meetings (including meeting reports) of TSGs, their Working Groups, and subgroups, in descending priority, and liaison with other bodies and relevant groups and institutions.",RF repeater type 1-C has conducted requirements only and requires compliance to the present document for conformance.,Definition,"[""TS 38.106""]",chunk-71896e9730b13273dbd75e5ac0504db0,../3GPP-trunked/Rel-19/38_series/38115-1-j00.mdNone
Antenna Failure,antenna,RF repeater type 1-C,Technology,"RF repeater type 1-C is a repeater operating at FR1 with a requirement set consisting only of conducted requirements defined at individual antenna connectors.<SEP>RF repeater type 1-C is a specific type of repeater used in downlink configurations, associated with the definition of downlink repeater classes including Wide Area, Medium Range, and Local Area repeaters.<SEP>RF repeater type 1-C is a specific type of repeater used in uplink and downlink configurations, and it is associated with uplink and downlink repeater classes as defined in the specification.",TS 38.106,RF repeater type 1-C has conducted requirements only and requires compliance to the present document for conformance.,RF repeater type 1-C has conducted requirements only and requires compliance to the present document for conformance.,Condition,,chunk-71896e9730b13273dbd75e5ac0504db0,../3GPP-trunked/Rel-19/38_series/38115-1-j00.mdNone
Antenna Failure,antenna,Single-band connector,Concept,"Single-band connector is a repeater type 1-C antenna connector that supports operation in a single operating band only,",,,,,,chunk-b8966f841bc5837b85972e0186e32b85,../3GPP-trunked/Rel-19/38_series/38106-j00.mdNone
Antenna Failure,antenna,Total radiated power,Concept,"Total radiated power is the total power radiated by the antenna, defined in both the near-field region and the far-field region, and includes power radiating in all directions for two orthogonal polarizations.",,,,,,chunk-b8966f841bc5837b85972e0186e32b85,../3GPP-trunked/Rel-19/38_series/38106-j00.mdNone
Antenna Failure,antenna,RF Repeater type 1-C,Concept,RF Repeater type 1-C is a repeater configuration where RF requirements are applied at the repeater antenna connector (BS-side or UE-side) for downlink or uplink under normal operating conditions.,REF,Clause 5.2.3.2.2 of 3GPP TS 29.5,"4.2.1)##
(reference<",Reference,,chunk-48934997f05549837556d4f7ec35e078,../3GPP-trunked/Rel-19/38_series/38106-j00.md4.2.1
Antenna Failure,antenna,NCR type 1-C,Concept,"NCR type 1-C is a network-controlled repeater configuration where NCR-Fwd RF requirements are applied at the NCR antenna connector (BS-side or UE-side) for downlink or uplink, and NCR-MT RF requirements are applied at the NCR antenna connector (BS-side) under normal operating conditions.",DEF,"The Support Team is responsible for the management of the work of the TSGs, including editorship and management of specifications under TSG change control, preparation and support for meetings (including meeting reports) of TSGs, their Working Groups, and subgroups, in descending priority, and liaison with other bodies and relevant groups and institutions.",NCR type 1-C,Definition,,chunk-71896e9730b13273dbd75e5ac0504db0,../3GPP-trunked/Rel-19/38_series/38115-1-j00.mdNone
Antenna Failure,antenna,NCR type 1-C,Concept,"NCR type 1-C is a network-controlled repeater configuration where NCR-Fwd RF requirements are applied at the NCR antenna connector (BS-side or UE-side) for downlink or uplink, and NCR-MT RF requirements are applied at the NCR antenna connector (BS-side) under normal operating conditions.",DEF,"The Support Team is responsible for the management of the work of the TSGs, including editorship and management of specifications under TSG change control, preparation and support for meetings (including meeting reports) of TSGs, their Working Groups, and subgroups, in descending priority, and liaison with other bodies and relevant groups and institutions.","For NCR type 1-C, the",Definition,,chunk-d907836d6103ee67011268469aa88e4b,../3GPP-trunked/Rel-19/38_series/38115-1-j00.md4.2.2
Antenna Failure,antenna,NCR type 1-C,Concept,"NCR type 1-C is a network-controlled repeater configuration where NCR-Fwd RF requirements are applied at the NCR antenna connector (BS-side or UE-side) for downlink or uplink, and NCR-MT RF requirements are applied at the NCR antenna connector (BS-side) under normal operating conditions.",REF,Clause 5.2.3.2.2 of 3GPP TS 29.5,TS 38.106 [2],Reference,,chunk-71896e9730b13273dbd75e5ac0504db0,../3GPP-trunked/Rel-19/38_series/38115-1-j00.mdNone
Antenna Failure,antenna,NCR type 1-C,Concept,"NCR type 1-C is a network-controlled repeater configuration where NCR-Fwd RF requirements are applied at the NCR antenna connector (BS-side or UE-side) for downlink or uplink, and NCR-MT RF requirements are applied at the NCR antenna connector (BS-side) under normal operating conditions.",normal operating conditions,,Requirements for NCR type 1-C are applied at the repeater antenna connector for downlink or uplink under normal operating conditions,Condition,,chunk-d18326f6448eede6a7e5b62bece2a11f,../3GPP-trunked/Rel-19/38_series/38115-1-j00.md4.5.1
Antenna Failure,antenna,NCR type 1-C,Concept,"NCR type 1-C is a network-controlled repeater configuration where NCR-Fwd RF requirements are applied at the NCR antenna connector (BS-side or UE-side) for downlink or uplink, and NCR-MT RF requirements are applied at the NCR antenna connector (BS-side) under normal operating conditions.",repeater antenna connector,,Requirements for NCR type 1-C are applied at the repeater antenna connector for downlink or uplink under normal operating conditions,apply,"[""normal operating conditions""]",chunk-d18326f6448eede6a7e5b62bece2a11f,../3GPP-trunked/Rel-19/38_series/38115-1-j00.md4.5.1
Antenna Failure,antenna,NCR antenna connector,Terminology,,,,,,,chunk-48934997f05549837556d4f7ec35e078,../3GPP-trunked/Rel-19/38_series/38106-j00.md4.2.1
Antenna Failure,antenna,beam peak directions,Concept,"Beam peak directions are specific directions in which the antenna beam reaches its maximum radiation intensity, and they are related to a contiguous range or discrete list of beam centre directions via beam direction pairs included in the set.",,,,,,chunk-b8e89e177cd199d3bbe395a71cb4c1e0,../3GPP-trunked/Rel-19/38_series/38108-j00.md3.1
Antenna Failure,antenna,SAN type 1-H,Technology,"SAN type 1-H is a system configuration defined with two points of reference: radiated and conducted requirements. It involves the Radiated Interface Boundary (RIB) for over-the-air (OTA) characteristics and the transceiver array boundary for conducted characteristics. The system includes a satellite payload composed of a transceiver unit array and a composite antenna array, with specific implementation-dependent configurations.<SEP>SAN type 1-H is a specific type of Satellite Access Node, categorized under the broader SAN types and subject to the same deployment scenarios as other SAN types.<SEP>SAN type 1-H is a configuration for which conducted transmitter characteristics are specified at the TAB connector with a full complement of transceiver units under normal operating conditions.<SEP>SAN type 1-H is a type of equipment or system with a minimum requirement defined in section 6.2.2, where the maximum carrier output power Pmax,c,TABC must remain within ±2 dB of the rated carrier output power Prated,c,TABC for each TAB connector as declared by the manufacturer under normal conditions.<SEP>SAN type 1-H is a type of satellite access network (SAN) for which output power requirements are defined at the TAB connector. Its rated carrier output power must comply with the values specified in Table 6.2.1-2 and is categorized by SAN class.<SEP>SAN type 1-H is a type of satellite access node defined in section 6.3.2.2 with a minimum requirement for RE power control dynamic range as specified in Table 6.3.2.2-1.<SEP>SAN type 1-H is a specific type of SAN that supports transmission in the operating band and is subject to the SAN total power dynamic range requirement at each TAB connector.",REF,Clause 5.2.3.2.2 of 3GPP TS 29.5,Table 6.2.1-2,Reference,,chunk-48a8e1dda8b180b711fb9ed2f83671ec,../3GPP-trunked/Rel-19/38_series/38108-j00.md6.2.1
Antenna Failure,antenna,SAN type 1-H,Technology,"SAN type 1-H is a system configuration defined with two points of reference: radiated and conducted requirements. It involves the Radiated Interface Boundary (RIB) for over-the-air (OTA) characteristics and the transceiver array boundary for conducted characteristics. The system includes a satellite payload composed of a transceiver unit array and a composite antenna array, with specific implementation-dependent configurations.<SEP>SAN type 1-H is a specific type of Satellite Access Node, categorized under the broader SAN types and subject to the same deployment scenarios as other SAN types.<SEP>SAN type 1-H is a configuration for which conducted transmitter characteristics are specified at the TAB connector with a full complement of transceiver units under normal operating conditions.<SEP>SAN type 1-H is a type of equipment or system with a minimum requirement defined in section 6.2.2, where the maximum carrier output power Pmax,c,TABC must remain within ±2 dB of the rated carrier output power Prated,c,TABC for each TAB connector as declared by the manufacturer under normal conditions.<SEP>SAN type 1-H is a type of satellite access network (SAN) for which output power requirements are defined at the TAB connector. Its rated carrier output power must comply with the values specified in Table 6.2.1-2 and is categorized by SAN class.<SEP>SAN type 1-H is a type of satellite access node defined in section 6.3.2.2 with a minimum requirement for RE power control dynamic range as specified in Table 6.3.2.2-1.<SEP>SAN type 1-H is a specific type of SAN that supports transmission in the operating band and is subject to the SAN total power dynamic range requirement at each TAB connector.",TAB connector,,SAN type 1-H is connected to the TAB connector where conducted transmitter characteristics are specified,connect to,"[""normal operating condition)##""]",chunk-8bbb8adf31ebb53a4ad9291bbbafa004,../3GPP-trunked/Rel-19/38_series/38108-j00.md6.1
Antenna Failure,antenna,SAN type 1-H,Technology,"SAN type 1-H is a system configuration defined with two points of reference: radiated and conducted requirements. It involves the Radiated Interface Boundary (RIB) for over-the-air (OTA) characteristics and the transceiver array boundary for conducted characteristics. The system includes a satellite payload composed of a transceiver unit array and a composite antenna array, with specific implementation-dependent configurations.<SEP>SAN type 1-H is a specific type of Satellite Access Node, categorized under the broader SAN types and subject to the same deployment scenarios as other SAN types.<SEP>SAN type 1-H is a configuration for which conducted transmitter characteristics are specified at the TAB connector with a full complement of transceiver units under normal operating conditions.<SEP>SAN type 1-H is a type of equipment or system with a minimum requirement defined in section 6.2.2, where the maximum carrier output power Pmax,c,TABC must remain within ±2 dB of the rated carrier output power Prated,c,TABC for each TAB connector as declared by the manufacturer under normal conditions.<SEP>SAN type 1-H is a type of satellite access network (SAN) for which output power requirements are defined at the TAB connector. Its rated carrier output power must comply with the values specified in Table 6.2.1-2 and is categorized by SAN class.<SEP>SAN type 1-H is a type of satellite access node defined in section 6.3.2.2 with a minimum requirement for RE power control dynamic range as specified in Table 6.3.2.2-1.<SEP>SAN type 1-H is a specific type of SAN that supports transmission in the operating band and is subject to the SAN total power dynamic range requirement at each TAB connector.",transceiver units,Transceiver units are formed by combining transmitter units and receiver units. They have the ability to transmit and receive parallel independent modulated symbol streams and are part of the transceiver unit array.,SAN type 1-H includes a full complement of transceiver units as part of its configuration,include,"[""normal operating condition""]",chunk-8bbb8adf31ebb53a4ad9291bbbafa004,../3GPP-trunked/Rel-19/38_series/38108-j00.md6.1
Antenna Failure,antenna,SAN type 1-H,Technology,"SAN type 1-H is a system configuration defined with two points of reference: radiated and conducted requirements. It involves the Radiated Interface Boundary (RIB) for over-the-air (OTA) characteristics and the transceiver array boundary for conducted characteristics. The system includes a satellite payload composed of a transceiver unit array and a composite antenna array, with specific implementation-dependent configurations.<SEP>SAN type 1-H is a specific type of Satellite Access Node, categorized under the broader SAN types and subject to the same deployment scenarios as other SAN types.<SEP>SAN type 1-H is a configuration for which conducted transmitter characteristics are specified at the TAB connector with a full complement of transceiver units under normal operating conditions.<SEP>SAN type 1-H is a type of equipment or system with a minimum requirement defined in section 6.2.2, where the maximum carrier output power Pmax,c,TABC must remain within ±2 dB of the rated carrier output power Prated,c,TABC for each TAB connector as declared by the manufacturer under normal conditions.<SEP>SAN type 1-H is a type of satellite access network (SAN) for which output power requirements are defined at the TAB connector. Its rated carrier output power must comply with the values specified in Table 6.2.1-2 and is categorized by SAN class.<SEP>SAN type 1-H is a type of satellite access node defined in section 6.3.2.2 with a minimum requirement for RE power control dynamic range as specified in Table 6.3.2.2-1.<SEP>SAN type 1-H is a specific type of SAN that supports transmission in the operating band and is subject to the SAN total power dynamic range requirement at each TAB connector.",conducted transmitter characteristics,Conducted transmitter characteristics are specified at the TAB connector for SAN type 1-H and are defined under normal operating conditions with a full complement of transceiver units.,Conducted transmitter characteristics are specified for SAN type 1-H under normal operating conditions with a full complement of transceiver units,apply to,"[""normal operating condition""]",chunk-8bbb8adf31ebb53a4ad9291bbbafa004,../3GPP-trunked/Rel-19/38_series/38108-j00.md6.1
Antenna Failure,antenna,SAN type 1-H,Technology,"SAN type 1-H is a system configuration defined with two points of reference: radiated and conducted requirements. It involves the Radiated Interface Boundary (RIB) for over-the-air (OTA) characteristics and the transceiver array boundary for conducted characteristics. The system includes a satellite payload composed of a transceiver unit array and a composite antenna array, with specific implementation-dependent configurations.<SEP>SAN type 1-H is a specific type of Satellite Access Node, categorized under the broader SAN types and subject to the same deployment scenarios as other SAN types.<SEP>SAN type 1-H is a configuration for which conducted transmitter characteristics are specified at the TAB connector with a full complement of transceiver units under normal operating conditions.<SEP>SAN type 1-H is a type of equipment or system with a minimum requirement defined in section 6.2.2, where the maximum carrier output power Pmax,c,TABC must remain within ±2 dB of the rated carrier output power Prated,c,TABC for each TAB connector as declared by the manufacturer under normal conditions.<SEP>SAN type 1-H is a type of satellite access network (SAN) for which output power requirements are defined at the TAB connector. Its rated carrier output power must comply with the values specified in Table 6.2.1-2 and is categorized by SAN class.<SEP>SAN type 1-H is a type of satellite access node defined in section 6.3.2.2 with a minimum requirement for RE power control dynamic range as specified in Table 6.3.2.2-1.<SEP>SAN type 1-H is a specific type of SAN that supports transmission in the operating band and is subject to the SAN total power dynamic range requirement at each TAB connector.",normal operating condition,Normal operating condition refers to the standard operational state of the system in which conducted transmitter characteristics are specified for SAN type 1-H with a full complement of transceiver units.<SEP>SAN type 1-H is connected to the TAB connector where conducted transmitter characteristics are specified,Conducted transmitter characteristics are specified for SAN type 1-H under normal operating conditions with a full complement of transceiver units,Condition,,chunk-8bbb8adf31ebb53a4ad9291bbbafa004,../3GPP-trunked/Rel-19/38_series/38108-j00.md6.1
Antenna Failure,antenna,SAN type 1-H,Technology,"SAN type 1-H is a system configuration defined with two points of reference: radiated and conducted requirements. It involves the Radiated Interface Boundary (RIB) for over-the-air (OTA) characteristics and the transceiver array boundary for conducted characteristics. The system includes a satellite payload composed of a transceiver unit array and a composite antenna array, with specific implementation-dependent configurations.<SEP>SAN type 1-H is a specific type of Satellite Access Node, categorized under the broader SAN types and subject to the same deployment scenarios as other SAN types.<SEP>SAN type 1-H is a configuration for which conducted transmitter characteristics are specified at the TAB connector with a full complement of transceiver units under normal operating conditions.<SEP>SAN type 1-H is a type of equipment or system with a minimum requirement defined in section 6.2.2, where the maximum carrier output power Pmax,c,TABC must remain within ±2 dB of the rated carrier output power Prated,c,TABC for each TAB connector as declared by the manufacturer under normal conditions.<SEP>SAN type 1-H is a type of satellite access network (SAN) for which output power requirements are defined at the TAB connector. Its rated carrier output power must comply with the values specified in Table 6.2.1-2 and is categorized by SAN class.<SEP>SAN type 1-H is a type of satellite access node defined in section 6.3.2.2 with a minimum requirement for RE power control dynamic range as specified in Table 6.3.2.2-1.<SEP>SAN type 1-H is a specific type of SAN that supports transmission in the operating band and is subject to the SAN total power dynamic range requirement at each TAB connector.",RE power control dynamic range,"RE power control dynamic range is defined as the difference between the power of an RE and the average RE power for a SAN at maximum output power (Pmax,c,TABC) under a specified reference condition. This requirement applies to SAN type 1-H at each TAB connector supporting transmission in the operation.<SEP>RE power control dynamic range is a parameter specifying the allowable range of power control for resource elements (RE) in uplink and downlink directions, as defined in Table 6.3.2.2-1 for SAN type 1-H.",The requirement for RE power control dynamic range applies to SAN type 1-H at each TAB connector supporting transmission in the operation,apply,,chunk-c3dc468b68cace290ab8f8b1d7c51c64,../3GPP-trunked/Rel-19/38_series/38108-j00.md6.3.2.1
Antenna Failure,antenna,Composite Antenna Array,Technology,The composite antenna array is,,,,,,chunk-58af631c94515826e31371838a0a425a,../3GPP-trunked/Rel-19/38_series/38108-j00.md4.3.1
Antenna Failure,antenna,Satellite Payload,Technology,"The satellite payload consists of a transceiver unit array and a composite antenna array, forming the core communication subsystem responsible for signal processing and transmission/reception in satellite communications.",,,,,,chunk-58af631c94515826e31371838a0a425a,../3GPP-trunked/Rel-19/38_series/38108-j00.md4.3.1
Antenna Failure,antenna,multi-Rx operation,Concept,"multi-Rx operation refers to a capability in which a device can receive signals simultaneously on multiple receive chains or antennas, enhancing signal reliability and throughput. It is applicable in Frequency Range (FR) as defined in section 3.6.19.",3.6.19,,The applicability of requirements for multi-Rx operation in FR governs the conditions under which multi-Rx operation is supported or required in the specified frequency range,Condition,,chunk-e830537219277645d8ba172efb7d11ba,../3GPP-trunked/Rel-19/38_series/38133-j00_cover.md3.6.19
Antenna Failure,antenna,multi-Rx operation,Concept,"multi-Rx operation refers to a capability in which a device can receive signals simultaneously on multiple receive chains or antennas, enhancing signal reliability and throughput. It is applicable in Frequency Range (FR) as defined in section 3.6.19.",Applicability of requirements for multi-Rx operation in FR,"Applicability of requirements for multi-Rx operation in FR is a defined concept in section 3.6.19, specifying the conditions under which requirements for multi-Rx operation apply in the Frequency Range (FR).",The applicability of requirements for multi-Rx operation in FR governs the conditions under which multi-Rx operation is supported or required in the specified frequency range,govern,"[""3.6.19""]",chunk-e830537219277645d8ba172efb7d11ba,../3GPP-trunked/Rel-19/38_series/38133-j00_cover.md3.6.19
Antenna Failure,antenna,2Rx RedCap UE,Concept,"2Rx RedCap UE is a type of Reduced Capability User Equipment designed for 2 receive antennas, operating under specific configuration rules for CSI-RS evaluation periods in FR1. It is subject to different evaluation time calculations based on DRX settings and supports measurement of CSI-RS for RLM without measurement gaps.",,,,,,chunk-2d3e34bd62fc8e8199a7940d41f00955,../3GPP-trunked/Rel-19/38_series/38133-j00_s8-8.md8.1.8
Antenna Failure,antenna,1Rx RedCap UE,Concept,"1Rx RedCap UE is a type of Reduced Capability User Equipment designed for 1 receive antenna, operating under specific configuration rules for CSI-RS evaluation periods in FR1. It is subject to different evaluation time calculations based on DRX settings and supports measurement of CSI-RS for RLM without measurement gaps.",,,,,,chunk-2d3e34bd62fc8e8199a7940d41f00955,../3GPP-trunked/Rel-19/38_series/38133-j00_s8-8.md8.1.8
Antenna Failure,antenna,out_SSB,Concept,"out_SSB is a parameter defined in Table 8.1D.2.2-1 for FR1, representing the evaluation period for SSB-based radio link monitoring when the SSB is not overlapping with measurement gaps. It is used in the context of FR1 ATG UEs with omni-directional antennas and is calculated based on P value and TSSB.",,,,,,chunk-3aa8c283d35d4124524acdf773fc70ff,../3GPP-trunked/Rel-19/38_series/38133-j00_s8-8.md8.1.8
Antenna Failure,antenna,FR1 ATG UE,Concept,"FR1 ATG UE refers to a user equipment operating in the FR1 frequency range for airborne terrestrial communication, which may have one or multiple omni-directional antennas or an antenna array, and is subject to specific measurement and evaluation period rules for SSB-based RLM<SEP>FR1 ATG UE refers to a User Equipment operating in the Frequency Range 1 for Air-to-Ground scenarios, which may have one or multiple omni-directional antennas or an antenna array, and is subject to specific P value and evaluation period rules.",,,,,,chunk-3aa8c283d35d4124524acdf773fc70ff<SEP>chunk-a9a591bcee7059caf9fa04a1b6a960c0,../3GPP-trunked/Rel-19/38_series/38133-j00_s8-8.md8.1.8
Antenna Failure,antenna,0 dBi gain antenna,Technology,"0 dBi gain antenna is a type of antenna with a gain of 0 decibels relative to an isotropic radiator, positioned at the center of the q.<SEP>0 dBi gain antenna is a reference antenna used to measure equivalent power at the center of the quiet zone, representing a baseline for signal reception.",,,,,,chunk-968eaa1137ad7e87fc08891a5e617391<SEP>chunk-8abe11928f00ecf08f33387670b82464,../3GPP-trunked/Rel-19/38_series/38133-j00_sA.17-A.18.md7680<SEP>../3GPP-trunked/Rel-19/38_series/38133-j00_sA.17-A.18.md3200
Antenna Failure,antenna,quiet zone,Concept,"Quiet zone is a region where the equivalent power received by an antenna with 0 dBi gain is measured, and it is the location where observations are made for test purposes.",,,,,,chunk-8abe11928f00ecf08f33387670b82464,../3GPP-trunked/Rel-19/38_series/38133-j00_sA.17-A.18.md3200
Antenna Failure,antenna,RF Repeater,Concept,"RF Repeater is a device used in wireless communication systems to amplify and retransmit radio signals. For repeater type 1-C, the requirements are applied at the repeater antenna connector, either BS-side or UE-side, for downlink or uplink signals under normal operating conditions.",REF,Clause 5.2.3.2.2 of 3GPP TS 29.5,Figure 4.2.1-1,Reference,,chunk-c454a097396af146ccda963ddd91796e,../3GPP-trunked/Rel-19/38_series/38115-1-j00.md4.2.1
Antenna Failure,antenna,RF Repeater,Concept,"RF Repeater is a device used in wireless communication systems to amplify and retransmit radio signals. For repeater type 1-C, the requirements are applied at the repeater antenna connector, either BS-side or UE-side, for downlink or uplink signals under normal operating conditions.",normal operating conditions,,RF Repeater includes repeater type 1-C as a specific configuration,Condition,,chunk-c454a097396af146ccda963ddd91796e,../3GPP-trunked/Rel-19/38_series/38115-1-j00.md4.2.1
Antenna Failure,antenna,RF Repeater,Concept,"RF Repeater is a device used in wireless communication systems to amplify and retransmit radio signals. For repeater type 1-C, the requirements are applied at the repeater antenna connector, either BS-side or UE-side, for downlink or uplink signals under normal operating conditions.",repeater type 1-C,Repeater type 1-C is a specific configuration of RF Repeater where requirements are applied at the repeater antenna connector (BS-side or UE-side) for downlink or uplink signals under normal operating conditions.<SEP>Repeater type 1-C is a repeater configuration for which requirements are applied at the repeater antenna connector (BS-side or UE-side connector) for downlink or uplink under normal operating conditions.,RF Repeater includes repeater type 1-C as a specific configuration,include,"[""normal operating conditions""]",chunk-c454a097396af146ccda963ddd91796e,../3GPP-trunked/Rel-19/38_series/38115-1-j00.md4.2.1
Antenna Failure,antenna,repeater type 1-C,Technology,Repeater type 1-C is a specific configuration of RF Repeater where requirements are applied at the repeater antenna connector (BS-side or UE-side) for downlink or uplink signals under normal operating conditions.<SEP>Repeater type 1-C is a repeater configuration for which requirements are applied at the repeater antenna connector (BS-side or UE-side connector) for downlink or uplink under normal operating conditions.,DEF,"The Support Team is responsible for the management of the work of the TSGs, including editorship and management of specifications under TSG change control, preparation and support for meetings (including meeting reports) of TSGs, their Working Groups, and subgroups, in descending priority, and liaison with other bodies and relevant groups and institutions.","For repeater type 1-C, the requirements are applied at the repeater antenna connector (BS-side connector or UE-side connector) for downlink or uplink for the configuration in normal operating conditions.",Definition,"[""normal operating conditions""]",chunk-c454a097396af146ccda963ddd91796e,../3GPP-trunked/Rel-19/38_series/38115-1-j00.md4.2.1
Antenna Failure,antenna,repeater type 1-C,Technology,Repeater type 1-C is a specific configuration of RF Repeater where requirements are applied at the repeater antenna connector (BS-side or UE-side) for downlink or uplink signals under normal operating conditions.<SEP>Repeater type 1-C is a repeater configuration for which requirements are applied at the repeater antenna connector (BS-side or UE-side connector) for downlink or uplink under normal operating conditions.,normal operating conditions,,RF Repeater includes repeater type 1-C as a specific configuration,Condition,,chunk-c454a097396af146ccda963ddd91796e,../3GPP-trunked/Rel-19/38_series/38115-1-j00.md4.2.1
Antenna Failure,antenna,repeater type 1-C,Technology,Repeater type 1-C is a specific configuration of RF Repeater where requirements are applied at the repeater antenna connector (BS-side or UE-side) for downlink or uplink signals under normal operating conditions.<SEP>Repeater type 1-C is a repeater configuration for which requirements are applied at the repeater antenna connector (BS-side or UE-side connector) for downlink or uplink under normal operating conditions.,normal operating conditions,,RF Repeater includes repeater type 1-C as a specific configuration<SEP>Requirements for repeater type 1-C are applied at the repeater antenna connector for downlink or uplink under normal operating conditions,Condition,,chunk-d18326f6448eede6a7e5b62bece2a11f<SEP>chunk-c454a097396af146ccda963ddd91796e,../3GPP-trunked/Rel-19/38_series/38115-1-j00.md4.2.1<SEP>../3GPP-trunked/Rel-19/38_series/38115-1-j00.md4.5.1
Antenna Failure,antenna,repeater type 1-C,Technology,Repeater type 1-C is a specific configuration of RF Repeater where requirements are applied at the repeater antenna connector (BS-side or UE-side) for downlink or uplink signals under normal operating conditions.<SEP>Repeater type 1-C is a repeater configuration for which requirements are applied at the repeater antenna connector (BS-side or UE-side connector) for downlink or uplink under normal operating conditions.,BS-side connector,,Requirements for repeater type 1-C are applied at the BS-side connector for downlink or uplink signals,apply,"[""normal operating conditions""]",chunk-c454a097396af146ccda963ddd91796e,../3GPP-trunked/Rel-19/38_series/38115-1-j00.md4.2.1
Antenna Failure,antenna,repeater type 1-C,Technology,Repeater type 1-C is a specific configuration of RF Repeater where requirements are applied at the repeater antenna connector (BS-side or UE-side) for downlink or uplink signals under normal operating conditions.<SEP>Repeater type 1-C is a repeater configuration for which requirements are applied at the repeater antenna connector (BS-side or UE-side connector) for downlink or uplink under normal operating conditions.,RF Repeater,"RF Repeater is a device used in wireless communication systems to amplify and retransmit radio signals. For repeater type 1-C, the requirements are applied at the repeater antenna connector, either BS-side or UE-side, for downlink or uplink signals under normal operating conditions.",RF Repeater includes repeater type 1-C as a specific configuration,include,"[""normal operating conditions""]",chunk-c454a097396af146ccda963ddd91796e,../3GPP-trunked/Rel-19/38_series/38115-1-j00.md4.2.1
Antenna Failure,antenna,repeater type 1-C,Technology,Repeater type 1-C is a specific configuration of RF Repeater where requirements are applied at the repeater antenna connector (BS-side or UE-side) for downlink or uplink signals under normal operating conditions.<SEP>Repeater type 1-C is a repeater configuration for which requirements are applied at the repeater antenna connector (BS-side or UE-side connector) for downlink or uplink under normal operating conditions.,repeater antenna connector,,Requirements for repeater type 1-C are applied at the repeater antenna connector for downlink or uplink under normal operating conditions,apply,"[""normal operating conditions""]",chunk-d18326f6448eede6a7e5b62bece2a11f,../3GPP-trunked/Rel-19/38_series/38115-1-j00.md4.5.1
Antenna Failure,antenna; antenna characteristics,Maximum output power,Concept,"Maximum output power refers to the highest base station output power per sector, expressed as e.i.r.p. (effective isotropic radiated power), and was provided in the antenna parameter table of the LS [4], aligned with antenna characteristics. It is specified for different deployment scenarios including Rural, Macro suburban, Macro urban, Small cell outdoor/Micro urban, and Small cell indoor/Indoor urban, with values of 72.2 dBm for the first three and 61.5 dBm for Small cell outdoor/Micro urban, while N/A is indicated for Small cell indoor/Indoor urban.",DEF,"The Support Team is responsible for the management of the work of the TSGs, including editorship and management of specifications under TSG change control, preparation and support for meetings (including meeting reports) of TSGs, their Working Groups, and subgroups, in descending priority, and liaison with other bodies and relevant groups and institutions.","The maximum base station output power per sector (e.i.r.p.) was provided in the antenna parameter table of the LS [4], as extracted in Table 4.",Definition,,chunk-487fd0e2a8fe1e740bf0a9b5145b1391,../3GPP-trunked/Rel-19/38_series/38922-j00.md4.2.1.5
Antenna Failure,antenna; antenna characteristics,Maximum output power,Concept,"Maximum output power refers to the highest base station output power per sector, expressed as e.i.r.p. (effective isotropic radiated power), and was provided in the antenna parameter table of the LS [4], aligned with antenna characteristics. It is specified for different deployment scenarios including Rural, Macro suburban, Macro urban, Small cell outdoor/Micro urban, and Small cell indoor/Indoor urban, with values of 72.2 dBm for the first three and 61.5 dBm for Small cell outdoor/Micro urban, while N/A is indicated for Small cell indoor/Indoor urban.",REF,Clause 5.2.3.2.2 of 3GPP TS 29.5,Table 4.2.1.5-1,Reference,,chunk-487fd0e2a8fe1e740bf0a9b5145b1391,../3GPP-trunked/Rel-19/38_series/38922-j00.md4.2.1.5
Antenna Failure,antenna,antenna parameter table,Terminology,,,,,,,chunk-487fd0e2a8fe1e740bf0a9b5145b1391,../3GPP-trunked/Rel-19/38_series/38922-j00.md4.2.1.5
Antenna Failure,antenna,repeater antenna connector,Terminology,,normal operating conditions,,Requirements for repeater type 1-C are applied at the repeater antenna connector for downlink or uplink under normal operating conditions,Condition,,chunk-d18326f6448eede6a7e5b62bece2a11f,../3GPP-trunked/Rel-19/38_series/38115-1-j00.md4.5.1
Antenna Failure,antenna,repeater antenna connector,Terminology,,NCR type 1-C,"NCR type 1-C is a network-controlled repeater configuration where NCR-Fwd RF requirements are applied at the NCR antenna connector (BS-side or UE-side) for downlink or uplink, and NCR-MT RF requirements are applied at the NCR antenna connector (BS-side) under normal operating conditions.",Requirements for NCR type 1-C are applied at the repeater antenna connector for downlink or uplink under normal operating conditions,apply,"[""normal operating conditions""]",chunk-d18326f6448eede6a7e5b62bece2a11f,../3GPP-trunked/Rel-19/38_series/38115-1-j00.md4.5.1
Antenna Failure,antenna,repeater antenna connector,Terminology,,repeater type 1-C,Repeater type 1-C is a specific configuration of RF Repeater where requirements are applied at the repeater antenna connector (BS-side or UE-side) for downlink or uplink signals under normal operating conditions.<SEP>Repeater type 1-C is a repeater configuration for which requirements are applied at the repeater antenna connector (BS-side or UE-side connector) for downlink or uplink under normal operating conditions.,Requirements for repeater type 1-C are applied at the repeater antenna connector for downlink or uplink under normal operating conditions,apply,"[""normal operating conditions""]",chunk-d18326f6448eede6a7e5b62bece2a11f,../3GPP-trunked/Rel-19/38_series/38115-1-j00.md4.5.1
Antenna Failure,antenna,Transmission with multiple BS-side antenna connectors for RF repeater and NCR type 1-C,Concept,"Transmission with multiple BS-side antenna connectors for RF repeater and NCR type 1-C is a test requirement defined in section 4.5.2 of the present document. It applies to each BS-side antenna connector when multiple connectors are used. Testing is performed at the antenna connector with other connectors terminated. If the manufacturer declares the connectors to be equivalent (as per D.13), measurement at any one connector is sufficient.",DEF,"The Support Team is responsible for the management of the work of the TSGs, including editorship and management of specifications under TSG change control, preparation and support for meetings (including meeting reports) of TSGs, their Working Groups, and subgroups, in descending priority, and liaison with other bodies and relevant groups and institutions.","The requirement applies for each BS-side antenna connector when transmission involves multiple BS-side antenna connectors. Testing is performed at the antenna connector with remaining connectors terminated. If the manufacturer declares the connectors to be equivalent (D.13), measurement at any one connector is sufficient.",Definition,,chunk-95f0ba669530c44fb7e1d1560bc4896f,../3GPP-trunked/Rel-19/38_series/38115-1-j00.md4.5.2
Antenna Failure,antenna,Transmission with multiple BS-side antenna connectors for NCR type 1-H,Concept,"Transmission with multiple BS-side antenna connectors for NCR type 1-H is a test requirement defined in section 4.5.2A of the present document. The manufacturer must declare input/output pairs and/or groups mapping input-side and output-side TAB connectors. The declared set must include all TAB connectors. The requirement applies to each BS-side TAB connector group. Testing is performed at the TAB connectors in each group with remaining connectors terminated. If the manufacturer declares the groups to be equivalent (as per D.13), measurement at any one BS-side TAB connector is sufficient",REF,Clause 5.2.3.2.2 of 3GPP TS 29.5,4.5.2A,Reference,,chunk-95f0ba669530c44fb7e1d1560bc4896f,../3GPP-trunked/Rel-19/38_series/38115-1-j00.md4.5.2
Antenna Failure,antenna,BS-side antenna connector,Terminology,,,,,,,chunk-95f0ba669530c44fb7e1d1560bc4896f,../3GPP-trunked/Rel-19/38_series/38115-1-j00.md4.5.2
Antenna Failure,antenna,MIMO,Concept,Multiple Input Multiple Output (MIMO) is a wireless technology that uses multiple antennas at both transmitter and receiver to improve communication performance and increase data throughput.<SEP>MIMO is a technology that involves multiple input and multiple output antennas for improving wireless communication performance. It is referenced in the context of measurement and testing procedures.,,,,,,chunk-44fe352826208b2ae85d58cf689bdbed<SEP>chunk-4ad3afaceea2be53ce3b355d8bef00cf,../3GPP-trunked/Rel-19/38_series/38141-1-j00.md4.1.2.4<SEP>../3GPP-trunked/Rel-19/38_series/38141-1-j00.md4.1.3
Antenna Failure,antenna,Conducted interface,Concept,"The conducted interface is the boundary at individual or groups of TAB connectors between the transceiver unit array and the composite antenna, where conducted characteristics are defined. It serves as the interface for conducting electrical signal measurements.",,,,,,chunk-a22003c4d56fd6b7cd6a196049fc1957,../3GPP-trunked/Rel-19/38_series/38141-1-j00.md4.2.2
Antenna Failure,antenna,Composite antenna,Technology,"The composite antenna consists of a radio distribution network (RDN) and an antenna array. It receives radio signals from the antenna array and distributes them to the transceiver unit array, or distributes RF power from the transceiver unit array to the antenna array in an implementation-specific manner.",,,,,,chunk-a22003c4d56fd6b7cd6a196049fc1957,../3GPP-trunked/Rel-19/38_series/38141-1-j00.md4.2.2
Antenna Failure,antenna,Radio distribution network,Technology,The radio distribution network (RDN) is a linear passive network within the composite antenna that distributes RF power,,,,,,chunk-a22003c4d56fd6b7cd6a196049fc1957,../3GPP-trunked/Rel-19/38_series/38141-1-j00.md4.2.2
Antenna Failure,antenna,Adjacent Channel Leakage Power Ratio,Concept,"Adjacent Channel Leakage Power Ratio (ACLR) is a measure of unwanted emissions in adjacent frequency channels. For Band n41 and n90 operation in Japan, absolute ACLR limits must be applied to the sum of the absolute ACLR power over all antenna connectors for BS type 1-C.",,,,,,chunk-c950a14d42dc86a7a7da32ffa729aebb,../3GPP-trunked/Rel-19/38_series/38141-1-j00.md4.4
Antenna Failure,antenna,test port B,Terminology,test port B is the far end antenna connector where transmitter requirements apply when external apparatus such as a TX amplifier or filter is used.<SEP>test port B is the far end antenna connector where receiver requirements apply when external apparatus such as a RX amplifier or filter is used.,transmitter characteristics,"Transmitter characteristics are specified at the antenna connector(s) of the UE for bands operating on frequency range 1, and over the air of the UE for bands operating on frequency range 2. These characteristics are verified separately for frequency range 1 and frequency range 2.",Transmitter characteristics requirements apply at test port B when external apparatus such as TX amplifier or filter is used,apply_at,"[""external apparatus""]",chunk-b2b6f997dd5643fb931cdb91d839a76f,../3GPP-trunked/Rel-19/38_series/38141-1-j00.md4.5.1.1.1
Antenna Failure,antenna,test port B,Terminology,test port B is the far end antenna connector where transmitter requirements apply when external apparatus such as a TX amplifier or filter is used.<SEP>test port B is the far end antenna connector where receiver requirements apply when external apparatus such as a RX amplifier or filter is used.,external apparatus,,Transmitter characteristics requirements apply at test port B when external apparatus such as TX amplifier or filter is used,Condition,,chunk-b2b6f997dd5643fb931cdb91d839a76f,../3GPP-trunked/Rel-19/38_series/38141-1-j00.md4.5.1.1.1
Antenna Failure,antenna,test port B,Terminology,test port B is the far end antenna connector where transmitter requirements apply when external apparatus such as a TX amplifier or filter is used.<SEP>test port B is the far end antenna connector where receiver requirements apply when external apparatus such as a RX amplifier or filter is used.,receiver characteristics,"Receiver characteristics are specified in clause 7 at the BS antenna connector (test port A) under normal operating conditions with a full complement of transceivers. If external apparatus such as a RX amplifier, a filter, or their combination is used, the requirements apply at the far end antenna connector (test port B).",Receiver characteristics apply at test port B when external apparatus such as RX amplifier or filter is used,apply at,,chunk-10a9c59ff456a682fb5aee61dc8f17b9,../3GPP-trunked/Rel-19/38_series/38141-1-j00.md4.5.1.2.1
Antenna Failure,antenna,Reception with multiple receiver antenna connectors,Concept,"Reception with multiple receiver antenna connectors refers to a test scenario in clause 7 of the present document where receiver diversity or multi-carrier reception is evaluated. The requirement applies at each receiver antenna connector, and receiver requirements are tested at the antenna connector with remaining receivers disabled or their connectors terminated.",REF,Clause 5.2.3.2.2 of 3GPP TS 29.5,clause 7 of the present document,Reference,,chunk-07b5c5983da061addd8c580057a36b85,../3GPP-trunked/Rel-19/38_series/38141-1-j00.md4.5.1.2.2
Antenna Failure,antenna,receiver diversity,Concept,Receiver diversity is a technique used in receivers with multiple antenna connectors to improve signal reception quality by combining signals from different antennas.,REF,Clause 5.2.3.2.2 of 3GPP TS 29.5,clause 7 of the present document,Reference,,chunk-07b5c5983da061addd8c580057a36b85,../3GPP-trunked/Rel-19/38_series/38141-1-j00.md4.5.1.2.2
Antenna Failure,antenna,multi-carrier reception,Concept,"Multi-carrier reception is a capability of receivers that allows simultaneous processing of multiple carrier signals, requiring multiple receiver antenna connectors.",,,,,,chunk-07b5c5983da061addd8c580057a36b85,../3GPP-trunked/Rel-19/38_series/38141-1-j00.md4.5.1.2.2
Antenna Failure,antenna,receiver antenna connector,Terminology,,,,,,,chunk-07b5c5983da061addd8c580057a36b85,../3GPP-trunked/Rel-19/38_series/38141-1-j00.md4.5.1.2.2
Antenna Failure,antenna,Transmission with multiple transmitter antenna connectors,Concept,"Transmission with multiple transmitter antenna connectors refers to a test scenario in clause 6 of the present document where each transmitter antenna connector is evaluated individually. The requirement applies to each connector, and transmitter requirements are tested at the antenna connector with other connectors terminated. If the manufacturer declares the transmitter paths as equivalent (D.32), testing at any one connector is sufficient.",REF,Clause 5.2.3.2.2 of 3GPP TS 29.5,"clause 6 of the present document)##
(",Reference,,chunk-927d25e570475c1c2612bfa770495f66,../3GPP-trunked/Rel-19/38_series/38141-1-j00.md4.5.1.1.2
Antenna Failure,antenna,Transmission with multiple transmitter antenna connectors,Concept,"Transmission with multiple transmitter antenna connectors refers to a test scenario in clause 6 of the present document where each transmitter antenna connector is evaluated individually. The requirement applies to each connector, and transmitter requirements are tested at the antenna connector with other connectors terminated. If the manufacturer declares the transmitter paths as equivalent (D.32), testing at any one connector is sufficient.",transmitter paths,,"The manufacturer declares transmitter paths to be equivalent under D.32, which allows testing at any one transmitter antenna connector.",Condition,,chunk-927d25e570475c1c2612bfa770495f66,../3GPP-trunked/Rel-19/38_series/38141-1-j00.md4.5.1.1.2
Antenna Failure,antenna,Transmission with multiple transmitter antenna connectors,Concept,"Transmission with multiple transmitter antenna connectors refers to a test scenario in clause 6 of the present document where each transmitter antenna connector is evaluated individually. The requirement applies to each connector, and transmitter requirements are tested at the antenna connector with other connectors terminated. If the manufacturer declares the transmitter paths as equivalent (D.32), testing at any one connector is sufficient.",D.32,,"The manufacturer declares transmitter paths to be equivalent under D.32, which allows testing at any one transmitter antenna connector.",Condition,,chunk-927d25e570475c1c2612bfa770495f66,../3GPP-trunked/Rel-19/38_series/38141-1-j00.md4.5.1.1.2
Antenna Failure,antenna,Transmission with multiple transmitter antenna connectors,Concept,"Transmission with multiple transmitter antenna connectors refers to a test scenario in clause 6 of the present document where each transmitter antenna connector is evaluated individually. The requirement applies to each connector, and transmitter requirements are tested at the antenna connector with other connectors terminated. If the manufacturer declares the transmitter paths as equivalent (D.32), testing at any one connector is sufficient.",transmitter antenna connector,,"Transmitter requirements are tested at the antenna connector, with remaining connectors terminated.",Condition,,chunk-927d25e570475c1c2612bfa770495f66,../3GPP-trunked/Rel-19/38_series/38141-1-j00.md4.5.1.1.2
Antenna Failure,antenna,Transmission with multiple transmitter antenna connectors,Concept,"Transmission with multiple transmitter antenna connectors refers to a test scenario in clause 6 of the present document where each transmitter antenna connector is evaluated individually. The requirement applies to each connector, and transmitter requirements are tested at the antenna connector with other connectors terminated. If the manufacturer declares the transmitter paths as equivalent (D.32), testing at any one connector is sufficient.",transmitter requirements,,"Transmitter requirements are tested at the antenna connector, with remaining connectors terminated.",Condition,,chunk-927d25e570475c1c2612bfa770495f66,../3GPP-trunked/Rel-19/38_series/38141-1-j00.md4.5.1.1.2
Antenna Failure,antenna,Transmission with multiple transmitter antenna connectors,Concept,"Transmission with multiple transmitter antenna connectors refers to a test scenario in clause 6 of the present document where each transmitter antenna connector is evaluated individually. The requirement applies to each connector, and transmitter requirements are tested at the antenna connector with other connectors terminated. If the manufacturer declares the transmitter paths as equivalent (D.32), testing at any one connector is sufficient.",signal,,The signal is measured at the transmitter antenna connector during testing.,Condition,,chunk-927d25e570475c1c2612bfa770495f66,../3GPP-trunked/Rel-19/38_series/38141-1-j00.md4.5.1.1.2
Antenna Failure,antenna,transmitter antenna connector,Terminology,,Transmission with multiple transmitter antenna connectors,"Transmission with multiple transmitter antenna connectors refers to a test scenario in clause 6 of the present document where each transmitter antenna connector is evaluated individually. The requirement applies to each connector, and transmitter requirements are tested at the antenna connector with other connectors terminated. If the manufacturer declares the transmitter paths as equivalent (D.32), testing at any one connector is sufficient.","Transmitter requirements are tested at the antenna connector, with remaining connectors terminated.",Condition,,chunk-927d25e570475c1c2612bfa770495f66,../3GPP-trunked/Rel-19/38_series/38141-1-j00.md4.5.1.1.2
Antenna Failure,antenna,transmitter antenna connector,Terminology,,transmitter requirements,,"Transmitter requirements are tested at the antenna connector, with remaining connectors terminated.",test_at,"[""Transmission with multiple transmitter antenna connectors""]",chunk-927d25e570475c1c2612bfa770495f66,../3GPP-trunked/Rel-19/38_series/38141-1-j00.md4.5.1.1.2
Antenna Failure,antenna,transmitter antenna connector,Terminology,,signal,,The signal is measured at the transmitter antenna connector during testing.,measure,"[""Transmission with multiple transmitter antenna connectors""]",chunk-927d25e570475c1c2612bfa770495f66,../3GPP-trunked/Rel-19/38_series/38141-1-j00.md4.5.1.1.2
Antenna Failure,antenna,receiver characteristics,Concept,"Receiver characteristics are specified in clause 7 at the BS antenna connector (test port A) under normal operating conditions with a full complement of transceivers. If external apparatus such as a RX amplifier, a filter, or their combination is used, the requirements apply at the far end antenna connector (test port B).",DEF,"The Support Team is responsible for the management of the work of the TSGs, including editorship and management of specifications under TSG change control, preparation and support for meetings (including meeting reports) of TSGs, their Working Groups, and subgroups, in descending priority, and liaison with other bodies and relevant groups and institutions.","Receiver characteristics are specified at the BS antenna connector (test port A) with a full complement of transceivers under normal operating conditions. If external apparatus such as a RX amplifier, a filter, or their combination is used, requirements apply at the far end antenna connector (test port B).",Definition,"[""normal operating conditions"", ""full complement of transceivers""]",chunk-10a9c59ff456a682fb5aee61dc8f17b9,../3GPP-trunked/Rel-19/38_series/38141-1-j00.md4.5.1.2.1
Antenna Failure,antenna,receiver characteristics,Concept,"Receiver characteristics are specified in clause 7 at the BS antenna connector (test port A) under normal operating conditions with a full complement of transceivers. If external apparatus such as a RX amplifier, a filter, or their combination is used, the requirements apply at the far end antenna connector (test port B).",REF,Clause 5.2.3.2.2 of 3GPP TS 29.5,clause 7,Reference,,chunk-10a9c59ff456a682fb5aee61dc8f17b9,../3GPP-trunked/Rel-19/38_series/38141-1-j00.md4.5.1.2.1
Antenna Failure,antenna,receiver characteristics,Concept,"Receiver characteristics are specified in clause 7 at the BS antenna connector (test port A) under normal operating conditions with a full complement of transceivers. If external apparatus such as a RX amplifier, a filter, or their combination is used, the requirements apply at the far end antenna connector (test port B).",full complement of transceivers,,Receiver characteristics are specified at test port A when operating under normal conditions with full transceiver complement,Condition,,chunk-10a9c59ff456a682fb5aee61dc8f17b9,../3GPP-trunked/Rel-19/38_series/38141-1-j00.md4.5.1.2.1
Antenna Failure,antenna,receiver characteristics,Concept,"Receiver characteristics are specified in clause 7 at the BS antenna connector (test port A) under normal operating conditions with a full complement of transceivers. If external apparatus such as a RX amplifier, a filter, or their combination is used, the requirements apply at the far end antenna connector (test port B).",normal operating conditions,,Receiver characteristics are specified at test port A when operating under normal conditions with full transceiver complement,Condition,,chunk-10a9c59ff456a682fb5aee61dc8f17b9,../3GPP-trunked/Rel-19/38_series/38141-1-j00.md4.5.1.2.1
Antenna Failure,antenna,receiver characteristics,Concept,"Receiver characteristics are specified in clause 7 at the BS antenna connector (test port A) under normal operating conditions with a full complement of transceivers. If external apparatus such as a RX amplifier, a filter, or their combination is used, the requirements apply at the far end antenna connector (test port B).",test port A,,Receiver characteristics are specified at test port A when operating under normal conditions with full transceiver complement,specified at,"[""normal operating conditions"", ""full complement of transceivers""]",chunk-10a9c59ff456a682fb5aee61dc8f17b9,../3GPP-trunked/Rel-19/38_series/38141-1-j00.md4.5.1.2.1
Antenna Failure,antenna,receiver characteristics,Concept,"Receiver characteristics are specified in clause 7 at the BS antenna connector (test port A) under normal operating conditions with a full complement of transceivers. If external apparatus such as a RX amplifier, a filter, or their combination is used, the requirements apply at the far end antenna connector (test port B).",test port B,test port B is the far end antenna connector where transmitter requirements apply when external apparatus such as a TX amplifier or filter is used.<SEP>test port B is the far end antenna connector where receiver requirements apply when external apparatus such as a RX amplifier or filter is used.,Receiver characteristics apply at test port B when external apparatus such as RX amplifier or filter is used,apply at,,chunk-10a9c59ff456a682fb5aee61dc8f17b9,../3GPP-trunked/Rel-19/38_series/38141-1-j00.md4.5.1.2.1
Antenna Failure,antenna; antenna system,antenna system,Technology,"The antenna system is a component in the Base Station that supports signal transmission and reception, and it can generate intermodulation products not controlled by 3GPP specifications, potentially degrading performance due to environmental factors like moisture ingress.",,,,,,chunk-23a3393241e68dfa7d3cbef199a4de80,../3GPP-trunked/Rel-19/38_series/38141-1-j00.md4.5.1.3
Antenna Failure,antenna,total radiated power,Concept,Total radiated power is the total power radiated by the antenna in all directions for two orthogonal polarizations. It is defined in both the near-field region and the far-field region.,,,,,,chunk-8ef808aabeadcdb05a2dd8fca9a586e2,../3GPP-trunked/Rel-19/38_series/38141-2-j00.mdNone
Antenna Failure,antenna,CATR,Technology,"CATR stands for Compact Antenna Test Range, a facility used for testing antenna radiation patterns in a controlled environment.",,,,,,chunk-cf7430ab80e35b4f5b5182ec005bd9b7,../3GPP-trunked/Rel-19/38_series/38141-2-j00.md3.3
Antenna Failure,antenna,CLTA,Technology,"CLTA stands for Co-Location Test Antenna, an antenna used in testing scenarios where multiple antennas are placed in close proximity.<SEP>CLTA refers to the co-location test antenna used in OTA (Over-The-Air) testing, whose selection and placement must meet the criteria specified in clause 4.12 to be deemed sufficient for test purposes.",,,,,,chunk-ce2112aa3c3007f71c40bfe590cc0bed<SEP>chunk-cf7430ab80e35b4f5b5182ec005bd9b7,../3GPP-trunked/Rel-19/38_series/38141-2-j00.md3.3<SEP>../3GPP-trunked/Rel-19/38_series/38141-2-j00.mdNone
Antenna Failure,antenna,OTA Test System uncertainty,Concept,"OTA Test System uncertainty is the maximum permissible uncertainty in over-the-air (OTA) transmitter tests, defined in tables 4.1.2.2-1 and 4.1.2.2-2, with values specified under normal and extreme conditions for various test clauses and frequency bands.<SEP>OTA Test System uncertainty is the maximum allowable uncertainty in over-the-air testing systems, measured in dB, and varies based on the test condition, antenna configuration, and channel type (fading or<SEP>OTA Test System uncertainty refers to the maximum allowable measurement uncertainty in OTA receiver tests, with values specified per test clause and frequency range. It is a key metric for ensuring test accuracy and consistency.",,,,,,chunk-442a69a8297215ef2b3574f7213ea06f<SEP>chunk-91f72bc4f7e02da930a0d61d5e3cdc59<SEP>chunk-352f698f4cb999ea15298e918e970f6b,../3GPP-trunked/Rel-19/38_series/38141-2-j00.mdNone
Antenna Failure,antenna,TR 37.941,Document,"TR 37.941 is a technical report that specifies the measurement uncertainty budget used for evaluating test system uncertainty in OTA testing, particularly related to the selection and alignment of the co-location test antenna.<SEP>NULL",,,,,,chunk-ce2112aa3c3007f71c40bfe590cc0bed<SEP>chunk-442a69a8297215ef2b3574f7213ea06f,../3GPP-trunked/Rel-19/38_series/38141-2-j00.mdNone
Antenna Failure,antenna,single antenna port,Terminology,,,,,,,chunk-91f72bc4f7e02da930a0d61d5e3cdc59,../3GPP-trunked/Rel-19/38_series/38141-2-j00.mdNone
Antenna Failure,antenna,Iuant,Terminology,Iuant is the gNB internal logical interface between the implementation-specific O&M function and the RET antennas and TMAs control unit function of the gNB.,,,,,,chunk-b8435aa911791c468495995fbd821d4a,../3GPP-trunked/Rel-19/38_series/38176-1-j00.mdNone
Antenna Failure,antenna,TX antenna,Terminology,,,,,,,chunk-bc096626f85d63ac4a4bad15f656e7d2,../3GPP-trunked/Rel-19/38_series/38769-j00.md2
Antenna Failure,antenna,RX antenna,Terminology,,,,,,,chunk-bc096626f85d63ac4a4bad15f656e7d2,../3GPP-trunked/Rel-19/38_series/38769-j00.md2
Antenna Failure,antenna,IMT parameters,Concept,"IMT parameters are technical characteristics studied in the frequency ranges of 4400 to 4800 MHz, 7125 to 8400 MHz, and 14800 to 15350 MHz. The study focuses on transmitter and receiver characteristics for NR BS and NR UE, co-existence analysis, AAS antenna models, and responses to ITU-R W5PD’s requests and additional questions.",,,,,,chunk-213c3280f9141c5602e530e3fedeb0aa,../3GPP-trunked/Rel-19/38_series/38922-j00.mdNone
Antenna Failure,antenna,AAS antenna models,Concept,AAS antenna models are advanced,,,,,,chunk-213c3280f9141c5602e530e3fedeb0aa,../3GPP-trunked/Rel-19/38_series/38922-j00.mdNone
Antenna Failure,antenna,array element,Concept,"An array element is a subdivision of a passive antenna array, consisting of a single radiating element or a group of radiating elements, with a fixed radiation pattern.",,,,,,chunk-5ad8deabed86a50a901ac67bdef77ac1,../3GPP-trunked/Rel-19/38_series/38922-j00.mdNone
Antenna Failure,antenna,front-to-back ratio,Concept,Front-to-back ratio is the ratio of the maximum directivity of an antenna to its directivity in a specified rearward direction.,,,,,,chunk-5ad8deabed86a50a901ac67bdef77ac1,../3GPP-trunked/Rel-19/38_series/38922-j00.mdNone
Antenna Failure,antenna,gain,Concept,"Gain is the ratio of the radiation intensity in a given direction to the radiation intensity that would be obtained if the power accepted by the antenna were radiated in an isotropic manner. If the direction is not specified, the direction of maximum radiation intensity is implied.",,,,,,chunk-5ad8deabed86a50a901ac67bdef77ac1,../3GPP-trunked/Rel-19/38_series/38922-j00.mdNone
Antenna Failure,antenna,Am,Technology,"Am is the front-to-back ratio measured in dB, indicating the difference in signal strength between the front and back of the antenna array.",,,,,,chunk-c669528c9e7c5c8b17945c31a3394a3d,../3GPP-trunked/Rel-19/38_series/38922-j00.mdNone
Antenna Failure,antenna,dh,Technology,"dh is the horizontal element separation between antenna elements, measured in meters.",,,,,,chunk-c669528c9e7c5c8b17945c31a3394a3d,../3GPP-trunked/Rel-19/38_series/38922-j00.mdNone
Antenna Failure,antenna,dv,Technology,"dv is the vertical element separation between antenna elements, measured in meters.",,,,,,chunk-c669528c9e7c5c8b17945c31a3394a3d,../3GPP-trunked/Rel-19/38_series/38922-j00.mdNone
Antenna Failure,antenna,SLAv,Technology,"SLAv is the side lobe suppression measured in dB, indicating the reduction of unwanted side lobes in the antenna pattern.",,,,,,chunk-c669528c9e7c5c8b17945c31a3394a3d,../3GPP-trunked/Rel-19/38_series/38922-j00.mdNone
Antenna Failure,antenna,θ3dB,Technology,"θ3dB is the vertical half-power beamwidth, representing the angular width of the antenna's main lobe in the vertical plane.",,,,,,chunk-c669528c9e7c5c8b17945c31a3394a3d,../3GPP-trunked/Rel-19/38_series/38922-j00.mdNone
Antenna Failure,antenna,θetilt,Technology,"θetilt is the electrical down-tilt angle measured in degrees, defined from the antenna array normal and directed downwards.",,,,,,chunk-c669528c9e7c5c8b17945c31a3394a3d,../3GPP-trunked/Rel-19/38_series/38922-j00.mdNone
